"name","pos","name_cbs","team_cbs","positionRank","overallRank","points","passAtt","passComp","passYds","passTds","passInt","rushAtt","rushYds","rushTds","rec","recYds","recTds","fumbles","dstYdsAllowed","dstSack","dstSafety","dstInt","dstFumlRec","dstFumlForce","dstTd","fg","fgAtt","xp"
"BRYCEPETTY","QB","Bryce Petty","NYJ",1,1,"0",0,0,0,0,0,0,0,0,NA,NA,NA,0,NA,NA,NA,NA,NA,NA,NA,NA,NA,NA
"DEREKANDERSON","QB","Derek Anderson","CAR",2,2,"0",0.2,0.1,1.5,0,0,0.1,0.2,0,NA,NA,NA,0,NA,NA,NA,NA,NA,NA,NA,NA,NA,NA
"GENOSMITH","QB","Geno Smith","NYJ",3,3,"0",32.3,19.4,221,1.7,1.1,4.3,22,0.3,NA,NA,NA,0.3,NA,NA,NA,NA,NA,NA,NA,NA,NA,NA
"AUSTINDAVIS","QB","Austin Davis","CLE",4,4,"0",0,0,0,0,0,0,0,0,NA,NA,NA,0,NA,NA,NA,NA,NA,NA,NA,NA,NA,NA
"ANDYDALTON","QB","Andy Dalton","CIN",5,5,"0",33.2,19.7,258,2,1.2,4.5,12.7,0.3,NA,NA,NA,0.2,NA,NA,NA,NA,NA,NA,NA,NA,NA,NA
"RYANTANNEHILL","QB","Ryan Tannehill","MIA",6,6,"0",34.5,22.3,231,1.2,1.2,2.2,10.8,0,NA,NA,NA,0.2,NA,NA,NA,NA,NA,NA,NA,NA,NA,NA
"LANDRYJONES","QB","Landry Jones","PIT",7,7,"0",0.2,0.1,1.5,0,0,0,0,0,NA,NA,NA,0,NA,NA,NA,NA,NA,NA,NA,NA,NA,NA
"ROBERTGRIFFIN","QB","Robert Griffin III","WAS",8,8,"0",0.6,0.4,4.4,0,0,0.2,0.9,0,NA,NA,NA,0,NA,NA,NA,NA,NA,NA,NA,NA,NA,NA
"THADLEWIS","QB","Thad Lewis","PHI",9,9,"0",0,0,0,0,0,0,0,0,NA,NA,NA,0,NA,NA,NA,NA,NA,NA,NA,NA,NA,NA
"TREVORSIEMIAN","QB","Trevor Siemian","DEN",10,10,"0",0,0,0,0,0,0,0,0,NA,NA,NA,0,NA,NA,NA,NA,NA,NA,NA,NA,NA,NA
"TYRODTAYLOR","QB","Tyrod Taylor","BUF",11,11,"0",32.5,20.6,235,1.6,0.8,6.4,46.7,0.4,NA,NA,NA,0.2,NA,NA,NA,NA,NA,NA,NA,NA,NA,NA
"DREWBREES","QB","Drew Brees","NO",12,12,"0",39.9,27.6,324,2,1,1.6,2,0.1,NA,NA,NA,0.2,NA,NA,NA,NA,NA,NA,NA,NA,NA,NA
"RYANNASSIB","QB","Ryan Nassib","NYG",13,13,"0",0,0,0.4,0,0,0,0,0,NA,NA,NA,0,NA,NA,NA,NA,NA,NA,NA,NA,NA,NA
"PHILIPRIVERS","QB","Philip Rivers","SD",14,14,"0",37.4,25.7,301,2.2,1.2,1.2,2.9,0,NA,NA,NA,0.2,NA,NA,NA,NA,NA,NA,NA,NA,NA,NA
"SEANRENFREE","QB","Sean Renfree","ATL",15,15,"0",0,0,0.3,0,0,0,0,0,NA,NA,NA,0,NA,NA,NA,NA,NA,NA,NA,NA,NA,NA
"JAMEISWINSTON","QB","Jameis Winston","TB",16,16,"0",31.1,18.6,240,1.4,1.4,2.9,10.9,0.2,NA,NA,NA,0.2,NA,NA,NA,NA,NA,NA,NA,NA,NA,NA
"PEYTONMANNING","QB","Peyton Manning","DEN",17,17,"0",39.8,24.9,292,1.7,1.4,1.1,2.2,0,NA,NA,NA,0.2,NA,NA,NA,NA,NA,NA,NA,NA,NA,NA
"MIKEGLENNON","QB","Mike Glennon","TB",18,18,"0",0.6,0.4,4.8,0,0,0.1,0.3,0,NA,NA,NA,0,NA,NA,NA,NA,NA,NA,NA,NA,NA,NA
"BRANDONWEEDEN","QB","Brandon Weeden","DAL",19,19,"0",0.4,0.3,3,0,0,0.1,0.4,0,NA,NA,NA,0,NA,NA,NA,NA,NA,NA,NA,NA,NA,NA
"ELIMANNING","QB","Eli Manning","NYG",20,20,"0",37.2,26.3,286,1.9,0.7,1.2,4.2,0,NA,NA,NA,0.3,NA,NA,NA,NA,NA,NA,NA,NA,NA,NA
"JIMMYGAROPPOLO","QB","Jimmy Garoppolo","NE",21,21,"0",0,0,0.3,0,0,0.1,0,0,NA,NA,NA,0,NA,NA,NA,NA,NA,NA,NA,NA,NA,NA
"SEANMANNION","QB","Sean Mannion","STL",22,22,"0",0,0,0,0,0,0,0,0,NA,NA,NA,0,NA,NA,NA,NA,NA,NA,NA,NA,NA,NA
"DAVIDFALES","QB","David Fales","CHI",23,23,"0",0,0,0,0,0,0,0,0,NA,NA,NA,0,NA,NA,NA,NA,NA,NA,NA,NA,NA,NA
"TOMBRADY","QB","Tom Brady","NE",24,24,"0",41.2,28.1,352,2.9,0.4,2.6,2.9,0.2,NA,NA,NA,0.2,NA,NA,NA,NA,NA,NA,NA,NA,NA,NA
"JAYCUTLER","QB","Jay Cutler","CHI",25,25,"0",36.3,23.6,255,1.5,0.9,2.4,16.2,0.1,NA,NA,NA,0.2,NA,NA,NA,NA,NA,NA,NA,NA,NA,NA
"CAMNEWTON","QB","Cam Newton","CAR",26,26,"0",31.2,16.7,221,1.4,1.4,8,43.6,0.4,NA,NA,NA,0.2,NA,NA,NA,NA,NA,NA,NA,NA,NA,NA
"CHARLIEWHITEHURST","QB","Charlie Whitehurst","TEN",27,27,"0",0,0,0,0,0,0,0,0,NA,NA,NA,0,NA,NA,NA,NA,NA,NA,NA,NA,NA,NA
"CHADHENNE","QB","Chad Henne","JAC",28,28,"0",0.6,0.4,3.8,0,0,0.1,0.2,0,NA,NA,NA,0,NA,NA,NA,NA,NA,NA,NA,NA,NA,NA
"JOEWEBB","QB","Joe Webb","CAR",29,29,"0",0,0,0,0,0,0,0,0,NA,NA,NA,0,NA,NA,NA,NA,NA,NA,NA,NA,NA,NA
"MATTHASSELBECK","QB","Matt Hasselbeck","IND",30,30,"0",0.5,0.3,2.9,0,0,0.1,0,0,NA,NA,NA,0,NA,NA,NA,NA,NA,NA,NA,NA,NA,NA
"SCOTTTOLZIEN","QB","Scott Tolzien","GB",31,31,"0",0.2,0.1,1.3,0,0,0,0.4,0,NA,NA,NA,0,NA,NA,NA,NA,NA,NA,NA,NA,NA,NA
"AARONRODGERS","QB","Aaron Rodgers","GB",32,32,"0",31.1,20.7,207,1.5,0.7,3.7,22.9,0,NA,NA,NA,0.2,NA,NA,NA,NA,NA,NA,NA,NA,NA,NA
"BENROETHLISBERGER","QB","Ben Roethlisberger","PIT",33,33,"0",34.1,22.4,264,1.9,0.7,1.3,2.6,0,NA,NA,NA,0.2,NA,NA,NA,NA,NA,NA,NA,NA,NA,NA
"NICKFOLES","QB","Nick Foles","STL",34,34,"0",28.9,18.3,196,1,1,2.2,6.4,0.1,NA,NA,NA,0.2,NA,NA,NA,NA,NA,NA,NA,NA,NA,NA
"KELLENCLEMENS","QB","Kellen Clemens","SD",35,35,"0",0.4,0.3,3.4,0,0,0.1,0.2,0,NA,NA,NA,0,NA,NA,NA,NA,NA,NA,NA,NA,NA,NA
"STEPHENMORRIS","QB","Stephen Morris","PHI",36,36,"0",0,0,0,0,0,0,0,0,NA,NA,NA,0,NA,NA,NA,NA,NA,NA,NA,NA,NA,NA
"MIKEVICK","QB","Mike Vick","PIT",37,37,"0",0,0,0,0,0,0,0,0,NA,NA,NA,0,NA,NA,NA,NA,NA,NA,NA,NA,NA,NA
"JIMMYCLAUSEN","QB","Jimmy Clausen","CHI",38,38,"0",0.4,0.2,2,0,0,0.1,0.2,0,NA,NA,NA,0,NA,NA,NA,NA,NA,NA,NA,NA,NA,NA
"BRETTHUNDLEY","QB","Brett Hundley","GB",39,39,"0",0,0,0,0,0,0,0,0,NA,NA,NA,0,NA,NA,NA,NA,NA,NA,NA,NA,NA,NA
"SAMBRADFORD","QB","Sam Bradford","PHI",40,40,"0",39.6,25.8,288,1.6,0.9,2.4,6.2,0,NA,NA,NA,0.3,NA,NA,NA,NA,NA,NA,NA,NA,NA,NA
"LOGANTHOMAS","QB","Logan Thomas","MIA",41,41,"0",0,0,0,0,0,0,0,0,NA,NA,NA,0,NA,NA,NA,NA,NA,NA,NA,NA,NA,NA
"GARRETTGRAYSON","QB","Garrett Grayson","NO",42,42,"0",0,0,0,0,0,0,0,0,NA,NA,NA,0,NA,NA,NA,NA,NA,NA,NA,NA,NA,NA
"JOHNNYMANZIEL","QB","Johnny Manziel","CLE",43,43,"0",33.8,18.8,218,0.9,1.1,2.3,12.1,0.1,NA,NA,NA,0.2,NA,NA,NA,NA,NA,NA,NA,NA,NA,NA
"JOSHJOHNSON","QB","Josh Johnson","BUF",44,44,"0",0,0,0,0,0,0,0,0,NA,NA,NA,0,NA,NA,NA,NA,NA,NA,NA,NA,NA,NA
"EJMANUEL","QB","EJ Manuel","BUF",45,45,"0",0.6,0.4,4.2,0,0,0.2,0.7,0,NA,NA,NA,0,NA,NA,NA,NA,NA,NA,NA,NA,NA,NA
"MATTRYAN","QB","Matt Ryan","ATL",46,46,"0",41.4,28.7,328,1.5,1,1.6,5.7,0,NA,NA,NA,0.2,NA,NA,NA,NA,NA,NA,NA,NA,NA,NA
"TAYLORHEINICKE","QB","Taylor Heinicke","MIN",47,47,"0",0,0,0,0,0,0,0,0,NA,NA,NA,0,NA,NA,NA,NA,NA,NA,NA,NA,NA,NA
"TEDDYBRIDGEWATER","QB","Teddy Bridgewater","MIN",48,48,"0",30.1,21,224,1.2,0.9,3,11.6,0.1,NA,NA,NA,0.3,NA,NA,NA,NA,NA,NA,NA,NA,NA,NA
"LUKEMCCOWN","QB","Luke McCown","NO",49,49,"0",0.2,0.1,1.7,0,0,0,0,0,NA,NA,NA,0,NA,NA,NA,NA,NA,NA,NA,NA,NA,NA
"COLINKAEPERNICK","QB","Colin Kaepernick","SF",50,50,"0",0.7,0.4,4.7,0,0,0.2,1.3,0,NA,NA,NA,0,NA,NA,NA,NA,NA,NA,NA,NA,NA,NA
"CASEKEENUM","QB","Case Keenum","STL",51,51,"0",0.5,0.3,3.7,0,0,0.1,0.5,0,NA,NA,NA,0,NA,NA,NA,NA,NA,NA,NA,NA,NA,NA
"SHAUNHILL","QB","Shaun Hill","MIN",52,52,"0",0.5,0.3,3.4,0,0,0.1,0,0,NA,NA,NA,0,NA,NA,NA,NA,NA,NA,NA,NA,NA,NA
"COLTMCCOY","QB","Colt McCoy","WAS",53,53,"0",0,0,0,0,0,0,0,0,NA,NA,NA,0,NA,NA,NA,NA,NA,NA,NA,NA,NA,NA
"AJMCCARRON","QB","AJ McCarron","CIN",54,54,"0",0,0,0.3,0,0,0,0,0,NA,NA,NA,0,NA,NA,NA,NA,NA,NA,NA,NA,NA,NA
"ZACHMETTENBERGER","QB","Zach Mettenberger","TEN",55,55,"0",0.4,0.2,2.8,0,0,0.1,0,0,NA,NA,NA,0,NA,NA,NA,NA,NA,NA,NA,NA,NA,NA
"MATTMCGLOIN","QB","Matt McGloin","OAK",56,56,"0",0.6,0.4,4.1,0,0,0,0.1,0,NA,NA,NA,0,NA,NA,NA,NA,NA,NA,NA,NA,NA,NA
"DEREKCARR","QB","Derek Carr","OAK",57,57,"0",38.9,24.7,257,1.4,0.8,1.5,5.2,0,NA,NA,NA,0.2,NA,NA,NA,NA,NA,NA,NA,NA,NA,NA
"KELLENMOORE","QB","Kellen Moore","DAL",58,58,"0",0,0,0,0,0,0,0,0,NA,NA,NA,0,NA,NA,NA,NA,NA,NA,NA,NA,NA,NA
"KIRKCOUSINS","QB","Kirk Cousins","WAS",59,59,"0",34.1,21.2,232,0.9,1.6,1,2.6,0.2,NA,NA,NA,0.2,NA,NA,NA,NA,NA,NA,NA,NA,NA,NA
"MARKSANCHEZ","QB","Mark Sanchez","PHI",60,60,"0",0.8,0.5,5.5,0,0,0.1,0.4,0,NA,NA,NA,0,NA,NA,NA,NA,NA,NA,NA,NA,NA,NA
"BROCKOSWEILER","QB","Brock Osweiler","DEN",61,61,"0",0.1,0,0.5,0,0,0,0,0,NA,NA,NA,0,NA,NA,NA,NA,NA,NA,NA,NA,NA,NA
"RYANGRIFFIN","QB","Ryan Griffin","TB",62,62,"0",0,0,0,0,0,0,0,0,NA,NA,NA,0,NA,NA,NA,NA,NA,NA,NA,NA,NA,NA
"BLAINEGABBERT","QB","Blaine Gabbert","SF",63,63,"0",30.1,17.8,212,1.1,1,3,14.3,0,NA,NA,NA,0.2,NA,NA,NA,NA,NA,NA,NA,NA,NA,NA
"MATTMOORE","QB","Matt Moore","MIA",64,64,"0",0,0,0.3,0,0,0,0,0,NA,NA,NA,0,NA,NA,NA,NA,NA,NA,NA,NA,NA,NA
"ANDREWLUCK","QB","Andrew Luck","IND",65,65,"0",39,22.5,230,1.7,1.4,4,18.3,0.1,NA,NA,NA,0.3,NA,NA,NA,NA,NA,NA,NA,NA,NA,NA
"MATTCASSEL","QB","Matt Cassel","DAL",66,66,"0",28.4,17.2,203,1.2,1.6,2,10,0,NA,NA,NA,0.2,NA,NA,NA,NA,NA,NA,NA,NA,NA,NA
"BLAKEBORTLES","QB","Blake Bortles","JAC",67,67,"0",36.1,20.2,221,1.2,1.4,3.2,19,0,NA,NA,NA,0.1,NA,NA,NA,NA,NA,NA,NA,NA,NA,NA
"MARCUSMARIOTA","QB","Marcus Mariota","TEN",68,68,"0",26.8,17.2,219,1.3,0.8,2,20.1,0,NA,NA,NA,0.3,NA,NA,NA,NA,NA,NA,NA,NA,NA,NA
"JEREMYLANGFORD","RB","Jeremy Langford","CHI",1,69,"0",NA,NA,NA,NA,NA,10.1,49.9,0.3,1.9,13,0.1,0.1,NA,NA,NA,NA,NA,NA,NA,NA,NA,NA
"JONATHANSTEWART","RB","Jonathan Stewart","CAR",2,70,"0",NA,NA,NA,NA,NA,16.6,77.5,0.3,1.3,7.6,0,0.2,NA,NA,NA,NA,NA,NA,NA,NA,NA,NA
"ANTONIOANDREWS","RB","Antonio Andrews","TEN",3,71,"0",NA,NA,NA,NA,NA,10.8,54.4,0.3,1.4,14.9,0,0.1,NA,NA,NA,NA,NA,NA,NA,NA,NA,NA
"DEANGELOWILLIAMS","RB","DeAngelo Williams","PIT",4,72,"0",NA,NA,NA,NA,NA,16.9,68.4,0.4,1.8,15.1,0.1,0.1,NA,NA,NA,NA,NA,NA,NA,NA,NA,NA
"TERRANCEWEST","RB","Terrance West","TEN",5,73,"0",NA,NA,NA,NA,NA,0,0,0,0,0,0,0,NA,NA,NA,NA,NA,NA,NA,NA,NA,NA
"DEMARCOMURRAY","RB","DeMarco Murray","PHI",6,74,"0",NA,NA,NA,NA,NA,14.4,64.3,0.5,3.5,22.3,0.1,0.2,NA,NA,NA,NA,NA,NA,NA,NA,NA,NA
"STEVANRIDLEY","RB","Stevan Ridley","NYJ",7,75,"0",NA,NA,NA,NA,NA,4.3,16.7,0.3,0.7,4.5,0,0.3,NA,NA,NA,NA,NA,NA,NA,NA,NA,NA
"ANDREWILLIAMS","RB","Andre Williams","NYG",8,76,"0",NA,NA,NA,NA,NA,5.7,20,0.3,0.8,5.3,0,0.1,NA,NA,NA,NA,NA,NA,NA,NA,NA,NA
"CEDRICPEERMAN","RB","Cedric Peerman","CIN",9,77,"0",NA,NA,NA,NA,NA,0,0.1,0,0,0,0,0,NA,NA,NA,NA,NA,NA,NA,NA,NA,NA
"JORDANTODMAN","RB","Jordan Todman","PIT",10,78,"0",NA,NA,NA,NA,NA,7.2,26.5,0.2,1.1,7.8,0.1,0.1,NA,NA,NA,NA,NA,NA,NA,NA,NA,NA
"MIKEJAMES","RB","Mike James","TB",11,79,"0",NA,NA,NA,NA,NA,0.3,1.4,0,0,0.1,0,0,NA,NA,NA,NA,NA,NA,NA,NA,NA,NA
"RYANMATHEWS","RB","Ryan Mathews","PHI",12,80,"0",NA,NA,NA,NA,NA,6,30.2,0.3,3.1,25.6,0.2,0.3,NA,NA,NA,NA,NA,NA,NA,NA,NA,NA
"GIOVANIBERNARD","RB","Giovani Bernard","CIN",13,81,"0",NA,NA,NA,NA,NA,10.2,52.7,0.3,2.7,22.9,0.1,0.1,NA,NA,NA,NA,NA,NA,NA,NA,NA,NA
"JALSTONFOWLER","RB","Jalston Fowler","TEN",14,82,"0",NA,NA,NA,NA,NA,1.2,4.5,0.1,0.3,4.5,0,0,NA,NA,NA,NA,NA,NA,NA,NA,NA,NA
"DRIARCHER","RB","Dri Archer","PIT",15,83,"0",NA,NA,NA,NA,NA,0.1,0.4,0,0.1,0.2,0,0,NA,NA,NA,NA,NA,NA,NA,NA,NA,NA
"TEVINCOLEMAN","RB","Tevin Coleman","ATL",16,84,"0",NA,NA,NA,NA,NA,5.1,25.2,0.2,0.8,5.9,0,0.1,NA,NA,NA,NA,NA,NA,NA,NA,NA,NA
"REXBURKHEAD","RB","Rex Burkhead","CIN",17,85,"0",NA,NA,NA,NA,NA,0,0.1,0,0,0.5,0,0,NA,NA,NA,NA,NA,NA,NA,NA,NA,NA
"LESEANMCCOY","RB","LeSean McCoy","BUF",18,86,"0",NA,NA,NA,NA,NA,14.5,61.6,0.4,2.1,19,0.1,0.2,NA,NA,NA,NA,NA,NA,NA,NA,NA,NA
"CHASEREYNOLDS","RB","Chase Reynolds","STL",19,87,"0",NA,NA,NA,NA,NA,0,0,0,0,0,0,0,NA,NA,NA,NA,NA,NA,NA,NA,NA,NA
"DOUGMARTIN","RB","Doug Martin","TB",20,88,"0",NA,NA,NA,NA,NA,16.3,72.2,0.4,2,16.5,0.1,0.2,NA,NA,NA,NA,NA,NA,NA,NA,NA,NA
"WILLJOHNSON","RB","Will Johnson","PIT",21,89,"0",NA,NA,NA,NA,NA,0.7,1.2,0.4,0.5,3,0,0,NA,NA,NA,NA,NA,NA,NA,NA,NA,NA
"ZACHLINE","RB","Zach Line","MIN",22,90,"0",NA,NA,NA,NA,NA,1,2.7,0.2,0.7,10.5,0,0,NA,NA,NA,NA,NA,NA,NA,NA,NA,NA
"LATAVIUSMURRAY","RB","Latavius Murray","OAK",23,91,"0",NA,NA,NA,NA,NA,14,64.9,0.4,2.6,15.1,0,0.2,NA,NA,NA,NA,NA,NA,NA,NA,NA,NA
"CHRISTINEMICHAEL","RB","Christine Michael","DAL",24,92,"0",NA,NA,NA,NA,NA,9.2,34.5,0.2,1.1,7.5,0,0.1,NA,NA,NA,NA,NA,NA,NA,NA,NA,NA
"TIMHIGHTOWER","RB","Tim Hightower","NO",25,93,"0",NA,NA,NA,NA,NA,0,0,0,0,0,0,0,NA,NA,NA,NA,NA,NA,NA,NA,NA,NA
"BERNARDPIERCE","RB","Bernard Pierce","JAC",26,94,"0",NA,NA,NA,NA,NA,0.2,0.5,0,0,0.1,0,0,NA,NA,NA,NA,NA,NA,NA,NA,NA,NA
"EDDIELACY","RB","Eddie Lacy","GB",27,95,"0",NA,NA,NA,NA,NA,14.4,65.8,0.4,2.1,15.9,0.1,0.1,NA,NA,NA,NA,NA,NA,NA,NA,NA,NA
"ALONZOHARRIS","RB","Alonzo Harris","GB",28,96,"0",NA,NA,NA,NA,NA,0,0,0,0,0,0,0,NA,NA,NA,NA,NA,NA,NA,NA,NA,NA
"JAMESSTARKS","RB","James Starks","GB",29,97,"0",NA,NA,NA,NA,NA,7.8,37.5,0.1,1.5,8.7,0.1,0.1,NA,NA,NA,NA,NA,NA,NA,NA,NA,NA
"LAMARMILLER","RB","Lamar Miller","MIA",30,98,"0",NA,NA,NA,NA,NA,11.9,58,0.3,2.5,18.5,0.1,0.1,NA,NA,NA,NA,NA,NA,NA,NA,NA,NA
"TAIWANJONES","RB","Taiwan Jones","OAK",31,99,"0",NA,NA,NA,NA,NA,3.9,16.3,0.1,1.2,13.4,0.1,0.1,NA,NA,NA,NA,NA,NA,NA,NA,NA,NA
"DEVONTAFREEMAN","RB","Devonta Freeman","ATL",32,100,"0",NA,NA,NA,NA,NA,15.3,77.1,0.6,4.1,35.2,0.1,0.1,NA,NA,NA,NA,NA,NA,NA,NA,NA,NA
"MELVINGORDON","RB","Melvin Gordon","SD",33,101,"0",NA,NA,NA,NA,NA,13.8,58.3,0.3,2,10.8,0.1,0.4,NA,NA,NA,NA,NA,NA,NA,NA,NA,NA
"TOBYGERHART","RB","Toby Gerhart","JAC",34,102,"0",NA,NA,NA,NA,NA,2.7,8.8,0.1,0.9,5.9,0,0.1,NA,NA,NA,NA,NA,NA,NA,NA,NA,NA
"TOMMYBOHANON","RB","Tommy Bohanon","NYJ",35,103,"0",NA,NA,NA,NA,NA,0.9,2.4,0,0.9,10,0,0,NA,NA,NA,NA,NA,NA,NA,NA,NA,NA
"MIKETOLBERT","RB","Mike Tolbert","CAR",36,104,"0",NA,NA,NA,NA,NA,3.9,16.3,0.1,1.2,11.4,0.1,0,NA,NA,NA,NA,NA,NA,NA,NA,NA,NA
"JEREMYHILL","RB","Jeremy Hill","CIN",37,105,"0",NA,NA,NA,NA,NA,16,73.4,0.7,1.1,8.4,0.1,0.3,NA,NA,NA,NA,NA,NA,NA,NA,NA,NA
"SHANEVEREEN","RB","Shane Vereen","NYG",38,106,"0",NA,NA,NA,NA,NA,4,15.3,0.1,4.1,37.6,0.2,0.1,NA,NA,NA,NA,NA,NA,NA,NA,NA,NA
"RODSMITH","RB","Rod Smith","DAL",39,107,"0",NA,NA,NA,NA,NA,0,0,0,0,0,0,0,NA,NA,NA,NA,NA,NA,NA,NA,NA,NA
"DEXTERMCCLUSTER","RB","Dexter McCluster","TEN",40,108,"0",NA,NA,NA,NA,NA,4.5,20.9,0.1,2.4,22.3,0.1,0.1,NA,NA,NA,NA,NA,NA,NA,NA,NA,NA
"ISAIAHPEAD","RB","Isaiah Pead","PIT",41,109,"0",NA,NA,NA,NA,NA,0.1,0.3,0,0.1,0.3,0,0,NA,NA,NA,NA,NA,NA,NA,NA,NA,NA
"PIERRETHOMAS","RB","Pierre Thomas","SF",42,110,"0",NA,NA,NA,NA,NA,6.2,25.8,0.1,2.6,20,0.1,0.1,NA,NA,NA,NA,NA,NA,NA,NA,NA,NA
"JAMIZEOLAWALE","RB","Jamize Olawale","OAK",43,111,"0",NA,NA,NA,NA,NA,0.1,0.1,0,0,0.1,0,0,NA,NA,NA,NA,NA,NA,NA,NA,NA,NA
"MATTASIATA","RB","Matt Asiata","MIN",44,112,"0",NA,NA,NA,NA,NA,1.5,6.2,0.1,1.3,7.1,0,0.1,NA,NA,NA,NA,NA,NA,NA,NA,NA,NA
"JAMESWHITE","RB","James White","NE",45,113,"0",NA,NA,NA,NA,NA,0.2,0.6,0,0.1,0.7,0,0,NA,NA,NA,NA,NA,NA,NA,NA,NA,NA
"AHMADBRADSHAW","RB","Ahmad Bradshaw","IND",46,114,"0",NA,NA,NA,NA,NA,4.7,16.2,0.2,1.1,7.4,0.1,0.1,NA,NA,NA,NA,NA,NA,NA,NA,NA,NA
"JARRYDHAYNE","RB","Jarryd Hayne","SF",47,115,"0",NA,NA,NA,NA,NA,2.2,9.6,0.1,0.4,3.4,0,0.2,NA,NA,NA,NA,NA,NA,NA,NA,NA,NA
"DANHERRON","RB","Dan Herron","BUF",48,116,"0",NA,NA,NA,NA,NA,0,0,0,0,0,0,0,NA,NA,NA,NA,NA,NA,NA,NA,NA,NA
"MARKINGRAM","RB","Mark Ingram","NO",49,117,"0",NA,NA,NA,NA,NA,15.9,72.3,0.6,3.1,25.8,0.1,0.1,NA,NA,NA,NA,NA,NA,NA,NA,NA,NA
"KADEEMCAREY","RB","Ka'Deem Carey","CHI",50,118,"0",NA,NA,NA,NA,NA,4.7,22.1,0.1,1.4,10.4,0.1,0.1,NA,NA,NA,NA,NA,NA,NA,NA,NA,NA
"LAMICHAELJAMES","RB","LaMichael James","MIA",51,119,"0",NA,NA,NA,NA,NA,0,0,0,0,0,0,0,NA,NA,NA,NA,NA,NA,NA,NA,NA,NA
"BRUCEMILLER","RB","Bruce Miller","SF",52,120,"0",NA,NA,NA,NA,NA,0.2,0.4,0,1.5,20.8,0,0,NA,NA,NA,NA,NA,NA,NA,NA,NA,NA
"NIKITAWHITLOCK","RB","Nikita Whitlock","NYG",53,121,"0",NA,NA,NA,NA,NA,0,0,0,0,0.1,0,0,NA,NA,NA,NA,NA,NA,NA,NA,NA,NA
"BOBBYRAINEY","RB","Bobby Rainey","TB",54,122,"0",NA,NA,NA,NA,NA,0.3,1.3,0,0,0.3,0,0,NA,NA,NA,NA,NA,NA,NA,NA,NA,NA
"MARCUSMURPHY","RB","Marcus Murphy","NO",55,123,"0",NA,NA,NA,NA,NA,0,0,0,0,0,0,0,NA,NA,NA,NA,NA,NA,NA,NA,NA,NA
"JERICKMCKINNON","RB","Jerick McKinnon","MIN",56,124,"0",NA,NA,NA,NA,NA,1.5,6.3,0.1,0.5,3.4,0,0.1,NA,NA,NA,NA,NA,NA,NA,NA,NA,NA
"ZACSTACY","RB","Zac Stacy","NYJ",57,125,"0",NA,NA,NA,NA,NA,3.1,10.6,0.2,1.1,6.9,0,0.1,NA,NA,NA,NA,NA,NA,NA,NA,NA,NA
"DAMIENWILLIAMS","RB","Damien Williams","MIA",58,126,"0",NA,NA,NA,NA,NA,3.4,14.7,0.1,1.3,6.9,0.1,0.2,NA,NA,NA,NA,NA,NA,NA,NA,NA,NA
"JOHNKUHN","RB","John Kuhn","GB",59,127,"0",NA,NA,NA,NA,NA,1.1,3.6,0.2,0.8,4.7,0,0,NA,NA,NA,NA,NA,NA,NA,NA,NA,NA
"AUSTINJOHNSON","RB","Austin Johnson","NO",60,128,"0",NA,NA,NA,NA,NA,1.3,3.5,0.2,0.6,2,0.1,0,NA,NA,NA,NA,NA,NA,NA,NA,NA,NA
"ALFREDMORRIS","RB","Alfred Morris","WAS",61,129,"0",NA,NA,NA,NA,NA,12.3,47.7,0.2,1.1,7.1,0,0.1,NA,NA,NA,NA,NA,NA,NA,NA,NA,NA
"DIONLEWIS","RB","Dion Lewis","NE",62,130,"0",NA,NA,NA,NA,NA,10,44,0.5,4.8,51.6,0.3,0.3,NA,NA,NA,NA,NA,NA,NA,NA,NA,NA
"RASHADJENNINGS","RB","Rashad Jennings","NYG",63,131,"0",NA,NA,NA,NA,NA,9.6,35.7,0.2,2.5,22.2,0.1,0.2,NA,NA,NA,NA,NA,NA,NA,NA,NA,NA
"ANTONESMITH","RB","Antone Smith","CHI",64,132,"0",NA,NA,NA,NA,NA,4.7,22.1,0.1,1.4,10.4,0.1,0.1,NA,NA,NA,NA,NA,NA,NA,NA,NA,NA
"ISAIAHCROWELL","RB","Isaiah Crowell","CLE",65,133,"0",NA,NA,NA,NA,NA,9.5,41.4,0.2,0.9,11.1,0.1,0.1,NA,NA,NA,NA,NA,NA,NA,NA,NA,NA
"TODDGURLEY","RB","Todd Gurley","STL",66,134,"0",NA,NA,NA,NA,NA,16.6,88.5,0.4,2,13.4,0,0.1,NA,NA,NA,NA,NA,NA,NA,NA,NA,NA
"JOEBANYARD","RB","Joe Banyard","JAC",67,135,"0",NA,NA,NA,NA,NA,0,0,0,0,0,0,0,NA,NA,NA,NA,NA,NA,NA,NA,NA,NA
"CJANDERSON","RB","C.J. Anderson","DEN",68,136,"0",NA,NA,NA,NA,NA,10.8,45.9,0.2,2.1,17.7,0.1,0.1,NA,NA,NA,NA,NA,NA,NA,NA,NA,NA
"DARRENSPROLES","RB","Darren Sproles","PHI",69,137,"0",NA,NA,NA,NA,NA,5,21,0.2,3.6,29.7,0,0.1,NA,NA,NA,NA,NA,NA,NA,NA,NA,NA
"CHRISIVORY","RB","Chris Ivory","NYJ",70,138,"0",NA,NA,NA,NA,NA,15.2,62.9,0.5,1.3,10.5,0.1,0.1,NA,NA,NA,NA,NA,NA,NA,NA,NA,NA
"RONNIEHILLMAN","RB","Ronnie Hillman","DEN",71,139,"0",NA,NA,NA,NA,NA,14.9,65.9,0.5,1.4,10.2,0.1,0.1,NA,NA,NA,NA,NA,NA,NA,NA,NA,NA
"CJSPILLER","RB","C.J. Spiller","NO",72,140,"0",NA,NA,NA,NA,NA,7.5,35.3,0.2,3.4,28,0.3,0.1,NA,NA,NA,NA,NA,NA,NA,NA,NA,NA
"KENDALLGASKINS","RB","Kendall Gaskins","SF",73,141,"0",NA,NA,NA,NA,NA,11.7,45.1,0.3,2,17.4,0.1,0.1,NA,NA,NA,NA,NA,NA,NA,NA,NA,NA
"ORLEANSDARKWA","RB","Orleans Darkwa","NYG",74,142,"0",NA,NA,NA,NA,NA,4,13.3,0.2,1.3,8.5,0.1,0.1,NA,NA,NA,NA,NA,NA,NA,NA,NA,NA
"PATRICKDIMARCO","RB","Patrick DiMarco","ATL",75,143,"0",NA,NA,NA,NA,NA,0,0,0,1,8.6,0,0,NA,NA,NA,NA,NA,NA,NA,NA,NA,NA
"LEGARRETTEBLOUNT","RB","LeGarrette Blount","NE",76,144,"0",NA,NA,NA,NA,NA,14.9,64.7,0.8,1.6,12,0.1,0.1,NA,NA,NA,NA,NA,NA,NA,NA,NA,NA
"MATTJONES","RB","Matt Jones","WAS",77,145,"0",NA,NA,NA,NA,NA,8.9,36.7,0.3,0.9,7.9,0,0.3,NA,NA,NA,NA,NA,NA,NA,NA,NA,NA
"ROYHELU","RB","Roy Helu","OAK",78,146,"0",NA,NA,NA,NA,NA,3.9,16.3,0.1,2.3,18.3,0.1,0.1,NA,NA,NA,NA,NA,NA,NA,NA,NA,NA
"TRAVARISCADET","RB","Travaris Cadet","NE",79,147,"0",NA,NA,NA,NA,NA,0,0,0,0,0,0,0,NA,NA,NA,NA,NA,NA,NA,NA,NA,NA
"TREMASON","RB","Tre Mason","STL",80,148,"0",NA,NA,NA,NA,NA,2.6,9.3,0.1,0.7,5.7,0,0.1,NA,NA,NA,NA,NA,NA,NA,NA,NA,NA
"FRANKGORE","RB","Frank Gore","IND",81,149,"0",NA,NA,NA,NA,NA,15,49.8,0.4,2,12.3,0.1,0.3,NA,NA,NA,NA,NA,NA,NA,NA,NA,NA
"JOSHROBINSON","RB","Josh Robinson","IND",82,150,"0",NA,NA,NA,NA,NA,0.1,0.2,0,0,0.2,0,0,NA,NA,NA,NA,NA,NA,NA,NA,NA,NA
"TERRONWARD","RB","Terron Ward","ATL",83,151,"0",NA,NA,NA,NA,NA,0.2,0.7,0,0,0.4,0,0,NA,NA,NA,NA,NA,NA,NA,NA,NA,NA
"ROOSEVELTNIX","RB","Roosevelt Nix","PIT",84,152,"0",NA,NA,NA,NA,NA,0,0.1,0,0,0.1,0,0,NA,NA,NA,NA,NA,NA,NA,NA,NA,NA
"TYLERCLUTTS","RB","Tyler Clutts","DAL",85,153,"0",NA,NA,NA,NA,NA,0.3,1.3,0,0.7,2.9,0.1,0.1,NA,NA,NA,NA,NA,NA,NA,NA,NA,NA
"DANNYWOODHEAD","RB","Danny Woodhead","SD",86,154,"0",NA,NA,NA,NA,NA,5.5,23.2,0.3,4.3,44.7,0.3,0.1,NA,NA,NA,NA,NA,NA,NA,NA,NA,NA
"SHAUNDRAUGHN","RB","Shaun Draughn","SF",87,155,"0",NA,NA,NA,NA,NA,6.9,27.2,0.1,2,16.2,0.1,0.1,NA,NA,NA,NA,NA,NA,NA,NA,NA,NA
"ADRIANPETERSON","RB","Adrian Peterson","MIN",88,156,"0",NA,NA,NA,NA,NA,18.9,81,0.5,2.4,15.7,0,0.3,NA,NA,NA,NA,NA,NA,NA,NA,NA,NA
"DARRELYOUNG","RB","Darrel Young","WAS",89,157,"0",NA,NA,NA,NA,NA,0.7,1.7,0.1,0.4,4,0.1,0,NA,NA,NA,NA,NA,NA,NA,NA,NA,NA
"JORVORSKIELANE","RB","Jorvorskie Lane","TB",90,158,"0",NA,NA,NA,NA,NA,0,0.2,0,0,0,0,0,NA,NA,NA,NA,NA,NA,NA,NA,NA,NA
"KENJONBARNER","RB","Kenjon Barner","PHI",91,159,"0",NA,NA,NA,NA,NA,0.1,0.5,0,0,0.2,0,0,NA,NA,NA,NA,NA,NA,NA,NA,NA,NA
"FOZZYWHITTAKER","RB","Fozzy Whittaker","CAR",92,160,"0",NA,NA,NA,NA,NA,2.8,12.1,0.1,0.8,7.2,0.1,0.1,NA,NA,NA,NA,NA,NA,NA,NA,NA,NA
"MARCELREECE","RB","Marcel Reece","OAK",93,161,"0",NA,NA,NA,NA,NA,1.1,5.1,0,2.8,25.1,0.2,0,NA,NA,NA,NA,NA,NA,NA,NA,NA,NA
"DARRENMCFADDEN","RB","Darren McFadden","DAL",94,162,"0",NA,NA,NA,NA,NA,15,59.5,0.4,1.8,14.9,0,0.1,NA,NA,NA,NA,NA,NA,NA,NA,NA,NA
"FITZGERALDTOUSSAINT","RB","Fitzgerald Toussaint","PIT",95,163,"0",NA,NA,NA,NA,NA,0,0,0,0,0,0,0,NA,NA,NA,NA,NA,NA,NA,NA,NA,NA
"CHARLESSIMS","RB","Charles Sims","TB",96,164,"0",NA,NA,NA,NA,NA,6.9,28,0.1,2.8,32.9,0.2,0.2,NA,NA,NA,NA,NA,NA,NA,NA,NA,NA
"ANTHONYDIXON","RB","Anthony Dixon","BUF",97,165,"0",NA,NA,NA,NA,NA,2.5,10.2,0.1,0.8,5.4,0,0.1,NA,NA,NA,NA,NA,NA,NA,NA,NA,NA
"CAMERONARTISPAYNE","RB","Cameron Artis-Payne","CAR",98,166,"0",NA,NA,NA,NA,NA,0.2,0.9,0,0,0.2,0,0,NA,NA,NA,NA,NA,NA,NA,NA,NA,NA
"CHRISTHOMPSON","RB","Chris Thompson","WAS",99,167,"0",NA,NA,NA,NA,NA,2.7,10.7,0.1,2.8,20.6,0.2,0.1,NA,NA,NA,NA,NA,NA,NA,NA,NA,NA
"JONASGRAY","RB","Jonas Gray","MIA",100,168,"0",NA,NA,NA,NA,NA,2.7,11,0.1,0.8,7.6,0,0.1,NA,NA,NA,NA,NA,NA,NA,NA,NA,NA
"BILALPOWELL","RB","Bilal Powell","NYJ",101,169,"0",NA,NA,NA,NA,NA,5.7,22,0.1,2.3,15.1,0.1,0.1,NA,NA,NA,NA,NA,NA,NA,NA,NA,NA
"BRANDONBOLDEN","RB","Brandon Bolden","NE",102,170,"0",NA,NA,NA,NA,NA,0.2,0.6,0,0,0.3,0,0,NA,NA,NA,NA,NA,NA,NA,NA,NA,NA
"JUWANTHOMPSON","RB","Juwan Thompson","DEN",103,171,"0",NA,NA,NA,NA,NA,0.1,0.6,0,0,0.1,0,0,NA,NA,NA,NA,NA,NA,NA,NA,NA,NA
"AARONRIPKOWSKI","RB","Aaron Ripkowski","GB",104,172,"0",NA,NA,NA,NA,NA,0,0.1,0,0,0.1,0,0,NA,NA,NA,NA,NA,NA,NA,NA,NA,NA
"DONALDBROWN","RB","Donald Brown","SD",105,173,"0",NA,NA,NA,NA,NA,3,13,0.2,1.7,13.2,0.1,0.1,NA,NA,NA,NA,NA,NA,NA,NA,NA,NA
"ROBERTTURBIN","RB","Robert Turbin","CLE",106,174,"0",NA,NA,NA,NA,NA,4.5,18.1,0.1,0.9,6.6,0,0.1,NA,NA,NA,NA,NA,NA,NA,NA,NA,NA
"TJYELDON","RB","T.J. Yeldon","JAC",107,175,"0",NA,NA,NA,NA,NA,12.5,46.8,0.4,2.5,12.9,0.1,0.1,NA,NA,NA,NA,NA,NA,NA,NA,NA,NA
"MARCUSTHIGPEN","RB","Marcus Thigpen","IND",108,176,"0",NA,NA,NA,NA,NA,0,0,0,0,0,0,0,NA,NA,NA,NA,NA,NA,NA,NA,NA,NA
"DENARDROBINSON","RB","Denard Robinson","JAC",109,177,"0",NA,NA,NA,NA,NA,4.3,15.7,0.1,1.1,8.3,0,0.2,NA,NA,NA,NA,NA,NA,NA,NA,NA,NA
"KARLOSWILLIAMS","RB","Karlos Williams","BUF",110,178,"0",NA,NA,NA,NA,NA,9.7,44.5,0.5,1.5,12.6,0.1,0.1,NA,NA,NA,NA,NA,NA,NA,NA,NA,NA
"BISHOPSANKEY","RB","Bishop Sankey","TEN",111,179,"0",NA,NA,NA,NA,NA,6.9,34.6,0.1,1.1,10,0.1,0.2,NA,NA,NA,NA,NA,NA,NA,NA,NA,NA
"DUKEJOHNSON","RB","Duke Johnson","CLE",112,180,"0",NA,NA,NA,NA,NA,6.5,27.4,0.1,3.2,31.6,0.1,0.1,NA,NA,NA,NA,NA,NA,NA,NA,NA,NA
"JEROMEFELTON","RB","Jerome Felton","BUF",113,181,"0",NA,NA,NA,NA,NA,0.7,2.7,0,0.5,3.5,0,0,NA,NA,NA,NA,NA,NA,NA,NA,NA,NA
"BENNYCUNNINGHAM","RB","Benny Cunningham","STL",114,182,"0",NA,NA,NA,NA,NA,2,9,0.1,1.7,15,0,0.1,NA,NA,NA,NA,NA,NA,NA,NA,NA,NA
"DEANDREWWHITE","WR","DeAndrew White","SF",1,183,"0",NA,NA,NA,NA,NA,NA,NA,NA,0,0,0,0,NA,NA,NA,NA,NA,NA,NA,NA,NA,NA
"STEFONDIGGS","WR","Stefon Diggs","MIN",2,184,"0",NA,NA,NA,NA,NA,NA,NA,NA,4.7,58.8,0.4,0,NA,NA,NA,NA,NA,NA,NA,NA,NA,NA
"MARQUESSWILSON","WR","Marquess Wilson","CHI",3,185,"0",NA,NA,NA,NA,NA,NA,NA,NA,3,45,0.2,0,NA,NA,NA,NA,NA,NA,NA,NA,NA,NA
"MARKUSWHEATON","WR","Markus Wheaton","PIT",4,186,"0",NA,NA,NA,NA,NA,NA,NA,NA,2.1,31.4,0.1,0,NA,NA,NA,NA,NA,NA,NA,NA,NA,NA
"KENBRELLTHOMPKINS","WR","Kenbrell Thompkins","NYJ",5,187,"0",NA,NA,NA,NA,NA,NA,NA,NA,1.9,24.3,0.1,0,NA,NA,NA,NA,NA,NA,NA,NA,NA,NA
"ANDREJOHNSON","WR","Andre Johnson","IND",6,188,"0",NA,NA,NA,NA,NA,NA,NA,NA,3.7,40.3,0.3,0.1,NA,NA,NA,NA,NA,NA,NA,NA,NA,NA
"CHRISOWUSU","WR","Chris Owusu","NYJ",7,189,"0",NA,NA,NA,NA,NA,NA,NA,NA,0.1,1,0,0,NA,NA,NA,NA,NA,NA,NA,NA,NA,NA
"DWAYNEBOWE","WR","Dwayne Bowe","CLE",8,190,"0",NA,NA,NA,NA,NA,NA,NA,NA,0.1,1.9,0,0,NA,NA,NA,NA,NA,NA,NA,NA,NA,NA
"TERRELLEPRYOR","WR","Terrelle Pryor","CLE",9,191,"0",NA,NA,NA,NA,NA,NA,NA,NA,0,0,0,0,NA,NA,NA,NA,NA,NA,NA,NA,NA,NA
"MICHAELCRABTREE","WR","Michael Crabtree","OAK",10,192,"0",NA,NA,NA,NA,NA,NA,NA,NA,5.2,56.2,0.2,0,NA,NA,NA,NA,NA,NA,NA,NA,NA,NA
"CORDARRELLEPATTERSON","WR","Cordarrelle Patterson","MIN",11,193,"0",NA,NA,NA,NA,NA,NA,NA,NA,0.1,0.9,0,0,NA,NA,NA,NA,NA,NA,NA,NA,NA,NA
"DESEANJACKSON","WR","DeSean Jackson","WAS",12,194,"0",NA,NA,NA,NA,NA,NA,NA,NA,2.4,33.4,0.2,0,NA,NA,NA,NA,NA,NA,NA,NA,NA,NA
"JERRICHOCOTCHERY","WR","Jerricho Cotchery","CAR",13,195,"0",NA,NA,NA,NA,NA,NA,NA,NA,2.2,29.3,0.2,0,NA,NA,NA,NA,NA,NA,NA,NA,NA,NA
"TONYLIPPETT","WR","Tony Lippett","MIA",14,196,"0",NA,NA,NA,NA,NA,NA,NA,NA,0,0,0,0,NA,NA,NA,NA,NA,NA,NA,NA,NA,NA
"MARIOALFORD","WR","Mario Alford","CIN",15,197,"0",NA,NA,NA,NA,NA,NA,NA,NA,0,0,0,0,NA,NA,NA,NA,NA,NA,NA,NA,NA,NA
"MARCUSEASLEY","WR","Marcus Easley","BUF",16,198,"0",NA,NA,NA,NA,NA,NA,NA,NA,0.6,6.8,0,0,NA,NA,NA,NA,NA,NA,NA,NA,NA,NA
"JEROMESIMPSON","WR","Jerome Simpson","SF",17,199,"0",NA,NA,NA,NA,NA,NA,NA,NA,1.2,32.6,0,0,NA,NA,NA,NA,NA,NA,NA,NA,NA,NA
"PIERREGARCON","WR","Pierre Garcon","WAS",18,200,"0",NA,NA,NA,NA,NA,NA,NA,NA,4.8,53,0.3,0,NA,NA,NA,NA,NA,NA,NA,NA,NA,NA
"RUEBENRANDLE","WR","Rueben Randle","NYG",19,201,"0",NA,NA,NA,NA,NA,NA,NA,NA,4.2,53.3,0.2,0,NA,NA,NA,NA,NA,NA,NA,NA,NA,NA
"JULIOJONES","WR","Julio Jones","ATL",20,202,"0",NA,NA,NA,NA,NA,NA,NA,NA,9,121,0.6,0.1,NA,NA,NA,NA,NA,NA,NA,NA,NA,NA
"BRIANQUICK","WR","Brian Quick","STL",21,203,"0",NA,NA,NA,NA,NA,NA,NA,NA,1.7,22.4,0.1,0,NA,NA,NA,NA,NA,NA,NA,NA,NA,NA
"JORDANNORWOOD","WR","Jordan Norwood","DEN",22,204,"0",NA,NA,NA,NA,NA,NA,NA,NA,1.5,19.3,0.1,0,NA,NA,NA,NA,NA,NA,NA,NA,NA,NA
"STEDMANBAILEY","WR","Stedman Bailey","STL",23,205,"0",NA,NA,NA,NA,NA,NA,NA,NA,2,28.9,0.1,0,NA,NA,NA,NA,NA,NA,NA,NA,NA,NA
"TAYLORGABRIEL","WR","Taylor Gabriel","CLE",24,206,"0",NA,NA,NA,NA,NA,NA,NA,NA,2.4,24.1,0.1,0.1,NA,NA,NA,NA,NA,NA,NA,NA,NA,NA
"MARLONMOORE","WR","Marlon Moore","CLE",25,207,"0",NA,NA,NA,NA,NA,NA,NA,NA,0,0,0,0,NA,NA,NA,NA,NA,NA,NA,NA,NA,NA
"ADAMTHIELEN","WR","Adam Thielen","MIN",26,208,"0",NA,NA,NA,NA,NA,NA,NA,NA,0.1,1.1,0,0,NA,NA,NA,NA,NA,NA,NA,NA,NA,NA
"ALLENROBINSON","WR","Allen Robinson","JAC",27,209,"0",NA,NA,NA,NA,NA,NA,NA,NA,4.5,59.7,0.5,0,NA,NA,NA,NA,NA,NA,NA,NA,NA,NA
"MIKEEVANS","WR","Mike Evans","TB",28,210,"0",NA,NA,NA,NA,NA,NA,NA,NA,4.7,73.3,0.5,0,NA,NA,NA,NA,NA,NA,NA,NA,NA,NA
"KEVINNORWOOD","WR","Kevin Norwood","CAR",29,211,"0",NA,NA,NA,NA,NA,NA,NA,NA,0,0,0,0,NA,NA,NA,NA,NA,NA,NA,NA,NA,NA
"MYLESWHITE","WR","Myles White","NYG",30,212,"0",NA,NA,NA,NA,NA,NA,NA,NA,0,0,0,0,NA,NA,NA,NA,NA,NA,NA,NA,NA,NA
"RODSTREATER","WR","Rod Streater","OAK",31,213,"0",NA,NA,NA,NA,NA,NA,NA,NA,1.9,26.6,0.1,0.1,NA,NA,NA,NA,NA,NA,NA,NA,NA,NA
"RILEYCOOPER","WR","Riley Cooper","PHI",32,214,"0",NA,NA,NA,NA,NA,NA,NA,NA,1.7,25.3,0.2,0,NA,NA,NA,NA,NA,NA,NA,NA,NA,NA
"SAMMYWATKINS","WR","Sammy Watkins","BUF",33,215,"0",NA,NA,NA,NA,NA,NA,NA,NA,3,40.3,0.5,0.1,NA,NA,NA,NA,NA,NA,NA,NA,NA,NA
"JEREMYKERLEY","WR","Jeremy Kerley","NYJ",34,216,"0",NA,NA,NA,NA,NA,NA,NA,NA,1.7,18.9,0.3,0,NA,NA,NA,NA,NA,NA,NA,NA,NA,NA
"ALLENHURNS","WR","Allen Hurns","JAC",35,217,"0",NA,NA,NA,NA,NA,NA,NA,NA,3.2,49.8,0.4,0.1,NA,NA,NA,NA,NA,NA,NA,NA,NA,NA
"ANDREWHAWKINS","WR","Andrew Hawkins","CLE",36,218,"0",NA,NA,NA,NA,NA,NA,NA,NA,2.5,28.7,0.1,0,NA,NA,NA,NA,NA,NA,NA,NA,NA,NA
"MATTHEWSLATER","WR","Matthew Slater","NE",37,219,"0",NA,NA,NA,NA,NA,NA,NA,NA,0,0,0,0,NA,NA,NA,NA,NA,NA,NA,NA,NA,NA
"JARVISLANDRY","WR","Jarvis Landry","MIA",38,220,"0",NA,NA,NA,NA,NA,NA,NA,NA,5.4,51.7,0.2,0.1,NA,NA,NA,NA,NA,NA,NA,NA,NA,NA
"GREGJENNINGS","WR","Greg Jennings","MIA",39,221,"0",NA,NA,NA,NA,NA,NA,NA,NA,1.2,12.8,0,0,NA,NA,NA,NA,NA,NA,NA,NA,NA,NA
"VINCENTJACKSON","WR","Vincent Jackson","TB",40,222,"0",NA,NA,NA,NA,NA,NA,NA,NA,4.2,65.4,0.3,0,NA,NA,NA,NA,NA,NA,NA,NA,NA,NA
"ADAMHUMPHRIES","WR","Adam Humphries","TB",41,223,"0",NA,NA,NA,NA,NA,NA,NA,NA,0.1,0.8,0,0,NA,NA,NA,NA,NA,NA,NA,NA,NA,NA
"KENNYSTILLS","WR","Kenny Stills","MIA",42,224,"0",NA,NA,NA,NA,NA,NA,NA,NA,1.8,27.1,0.1,0,NA,NA,NA,NA,NA,NA,NA,NA,NA,NA
"GEREMYDAVIS","WR","Geremy Davis","NYG",43,225,"0",NA,NA,NA,NA,NA,NA,NA,NA,0.1,0.6,0,0,NA,NA,NA,NA,NA,NA,NA,NA,NA,NA
"RODDYWHITE","WR","Roddy White","ATL",44,226,"0",NA,NA,NA,NA,NA,NA,NA,NA,3.6,45,0.2,0,NA,NA,NA,NA,NA,NA,NA,NA,NA,NA
"SAMMIECOATES","WR","Sammie Coates","PIT",45,227,"0",NA,NA,NA,NA,NA,NA,NA,NA,0,0,0,0,NA,NA,NA,NA,NA,NA,NA,NA,NA,NA
"DEVANTEPARKER","WR","DeVante Parker","MIA",46,228,"0",NA,NA,NA,NA,NA,NA,NA,NA,1,11.8,0.1,0,NA,NA,NA,NA,NA,NA,NA,NA,NA,NA
"SEYIAJIROTUTU","WR","Seyi Ajirotutu","PHI",47,229,"0",NA,NA,NA,NA,NA,NA,NA,NA,0,0,0,0,NA,NA,NA,NA,NA,NA,NA,NA,NA,NA
"ERICDECKER","WR","Eric Decker","NYJ",48,230,"0",NA,NA,NA,NA,NA,NA,NA,NA,4.3,55.7,0.5,0.1,NA,NA,NA,NA,NA,NA,NA,NA,NA,NA
"CODYLATIMER","WR","Cody Latimer","DEN",49,231,"0",NA,NA,NA,NA,NA,NA,NA,NA,0,0.3,0,0,NA,NA,NA,NA,NA,NA,NA,NA,NA,NA
"CHRISHARPER","WR","Chris Harper","NE",50,232,"0",NA,NA,NA,NA,NA,NA,NA,NA,0,0,0,0,NA,NA,NA,NA,NA,NA,NA,NA,NA,NA
"BRYANWALTERS","WR","Bryan Walters","JAC",51,233,"0",NA,NA,NA,NA,NA,NA,NA,NA,2.2,25.6,0.1,0,NA,NA,NA,NA,NA,NA,NA,NA,NA,NA
"ANDREROBERTS","WR","Andre Roberts","WAS",52,234,"0",NA,NA,NA,NA,NA,NA,NA,NA,0.1,1,0,0,NA,NA,NA,NA,NA,NA,NA,NA,NA,NA
"CHARLESJOHNSON","WR","Charles Johnson","MIN",53,235,"0",NA,NA,NA,NA,NA,NA,NA,NA,1.9,25.6,0.1,0,NA,NA,NA,NA,NA,NA,NA,NA,NA,NA
"JOSHBELLAMY","WR","Josh Bellamy","CHI",54,236,"0",NA,NA,NA,NA,NA,NA,NA,NA,0.1,0.7,0,0,NA,NA,NA,NA,NA,NA,NA,NA,NA,NA
"DAVANTEADAMS","WR","Davante Adams","GB",55,237,"0",NA,NA,NA,NA,NA,NA,NA,NA,3.1,32.5,0.2,0,NA,NA,NA,NA,NA,NA,NA,NA,NA,NA
"RANDALLCOBB","WR","Randall Cobb","GB",56,238,"0",NA,NA,NA,NA,NA,NA,NA,NA,5.6,56.1,0.4,0.1,NA,NA,NA,NA,NA,NA,NA,NA,NA,NA
"DEVINSTREET","WR","Devin Street","DAL",57,239,"0",NA,NA,NA,NA,NA,NA,NA,NA,0,0.6,0,0,NA,NA,NA,NA,NA,NA,NA,NA,NA,NA
"VINCEMAYLE","WR","Vince Mayle","DAL",58,240,"0",NA,NA,NA,NA,NA,NA,NA,NA,0,0,0,0,NA,NA,NA,NA,NA,NA,NA,NA,NA,NA
"CHRISHOGAN","WR","Chris Hogan","BUF",59,241,"0",NA,NA,NA,NA,NA,NA,NA,NA,2.8,31.9,0.3,0.1,NA,NA,NA,NA,NA,NA,NA,NA,NA,NA
"STEVEJOHNSON","WR","Steve Johnson","SD",60,242,"0",NA,NA,NA,NA,NA,NA,NA,NA,3.9,46.7,0.3,0,NA,NA,NA,NA,NA,NA,NA,NA,NA,NA
"DENARIUSMOORE","WR","Denarius Moore","BUF",61,243,"0",NA,NA,NA,NA,NA,NA,NA,NA,1.1,16.3,0.1,0.2,NA,NA,NA,NA,NA,NA,NA,NA,NA,NA
"ALSHONJEFFERY","WR","Alshon Jeffery","CHI",62,244,"0",NA,NA,NA,NA,NA,NA,NA,NA,6.3,82.2,0.5,0,NA,NA,NA,NA,NA,NA,NA,NA,NA,NA
"JEFFJANIS","WR","Jeff Janis","GB",63,245,"0",NA,NA,NA,NA,NA,NA,NA,NA,1.9,22.7,0.1,0,NA,NA,NA,NA,NA,NA,NA,NA,NA,NA
"MILESAUSTIN","WR","Miles Austin","PHI",64,246,"0",NA,NA,NA,NA,NA,NA,NA,NA,1.9,25.9,0.1,0,NA,NA,NA,NA,NA,NA,NA,NA,NA,NA
"AMARICOOPER","WR","Amari Cooper","OAK",65,247,"0",NA,NA,NA,NA,NA,NA,NA,NA,5.7,74.9,0.2,0.2,NA,NA,NA,NA,NA,NA,NA,NA,NA,NA
"COREYBROWN","WR","Corey Brown","CAR",66,248,"0",NA,NA,NA,NA,NA,NA,NA,NA,1.8,24.6,0.2,0,NA,NA,NA,NA,NA,NA,NA,NA,NA,NA
"JUSTINHUNTER","WR","Justin Hunter","TEN",67,249,"0",NA,NA,NA,NA,NA,NA,NA,NA,1.9,31.6,0.1,0,NA,NA,NA,NA,NA,NA,NA,NA,NA,NA
"GREGLITTLE","WR","Greg Little","CIN",68,250,"0",NA,NA,NA,NA,NA,NA,NA,NA,0.1,1.4,0,0,NA,NA,NA,NA,NA,NA,NA,NA,NA,NA
"KESHAWNMARTIN","WR","Keshawn Martin","NE",69,251,"0",NA,NA,NA,NA,NA,NA,NA,NA,0.1,1.4,0,0,NA,NA,NA,NA,NA,NA,NA,NA,NA,NA
"MARQISELEE","WR","Marqise Lee","JAC",70,252,"0",NA,NA,NA,NA,NA,NA,NA,NA,2.1,23.2,0.1,0,NA,NA,NA,NA,NA,NA,NA,NA,NA,NA
"TYMONTGOMERY","WR","Ty Montgomery","GB",71,253,"0",NA,NA,NA,NA,NA,NA,NA,NA,2.6,24.4,0.2,0,NA,NA,NA,NA,NA,NA,NA,NA,NA,NA
"JARIUSWRIGHT","WR","Jarius Wright","MIN",72,254,"0",NA,NA,NA,NA,NA,NA,NA,NA,2.1,30.8,0.1,0,NA,NA,NA,NA,NA,NA,NA,NA,NA,NA
"ROBERTWOODS","WR","Robert Woods","BUF",73,255,"0",NA,NA,NA,NA,NA,NA,NA,NA,3.5,50.4,0.4,0.1,NA,NA,NA,NA,NA,NA,NA,NA,NA,NA
"LEONARDHANKERSON","WR","Leonard Hankerson","ATL",74,256,"0",NA,NA,NA,NA,NA,NA,NA,NA,3.9,49.1,0.4,0,NA,NA,NA,NA,NA,NA,NA,NA,NA,NA
"GRIFFWHALEN","WR","Griff Whalen","IND",75,257,"0",NA,NA,NA,NA,NA,NA,NA,NA,0.1,0.9,0,0,NA,NA,NA,NA,NA,NA,NA,NA,NA,NA
"JUSTINHARDY","WR","Justin Hardy","ATL",76,258,"0",NA,NA,NA,NA,NA,NA,NA,NA,0.1,0.9,0,0,NA,NA,NA,NA,NA,NA,NA,NA,NA,NA
"MIKEWALLACE","WR","Mike Wallace","MIN",77,259,"0",NA,NA,NA,NA,NA,NA,NA,NA,3.5,47.5,0.3,0,NA,NA,NA,NA,NA,NA,NA,NA,NA,NA
"COLEBEASLEY","WR","Cole Beasley","DAL",78,260,"0",NA,NA,NA,NA,NA,NA,NA,NA,2.5,26.8,0.1,0.2,NA,NA,NA,NA,NA,NA,NA,NA,NA,NA
"MALCOMFLOYD","WR","Malcom Floyd","SD",79,261,"0",NA,NA,NA,NA,NA,NA,NA,NA,2.4,45.9,0.3,0,NA,NA,NA,NA,NA,NA,NA,NA,NA,NA
"ANQUANBOLDIN","WR","Anquan Boldin","SF",80,262,"0",NA,NA,NA,NA,NA,NA,NA,NA,4.6,58.3,0.3,0,NA,NA,NA,NA,NA,NA,NA,NA,NA,NA
"DEZBRYANT","WR","Dez Bryant","DAL",81,263,"0",NA,NA,NA,NA,NA,NA,NA,NA,4.1,57.2,0.4,0,NA,NA,NA,NA,NA,NA,NA,NA,NA,NA
"CAMERONMEREDITH","WR","Cameron Meredith","CHI",82,264,"0",NA,NA,NA,NA,NA,NA,NA,NA,3.2,39.2,0.2,0,NA,NA,NA,NA,NA,NA,NA,NA,NA,NA
"MOHAMEDSANU","WR","Mohamed Sanu","CIN",83,265,"0",NA,NA,NA,NA,NA,NA,NA,NA,2.5,35.7,0.1,0,NA,NA,NA,NA,NA,NA,NA,NA,NA,NA
"DANNYAMENDOLA","WR","Danny Amendola","NE",84,266,"0",NA,NA,NA,NA,NA,NA,NA,NA,3.5,42.7,0.3,0,NA,NA,NA,NA,NA,NA,NA,NA,NA,NA
"HARRYDOUGLAS","WR","Harry Douglas","TEN",85,267,"0",NA,NA,NA,NA,NA,NA,NA,NA,2.5,30.9,0.1,0,NA,NA,NA,NA,NA,NA,NA,NA,NA,NA
"ODELLBECKHAM","WR","Odell Beckham","NYG",86,268,"0",NA,NA,NA,NA,NA,NA,NA,NA,6.6,81.5,0.7,0,NA,NA,NA,NA,NA,NA,NA,NA,NA,NA
"ANDREHOLMES","WR","Andre Holmes","OAK",87,269,"0",NA,NA,NA,NA,NA,NA,NA,NA,1.5,22.7,0.3,0,NA,NA,NA,NA,NA,NA,NA,NA,NA,NA
"TYLERMURPHY","WR","Tyler Murphy","PIT",88,270,"0",NA,NA,NA,NA,NA,NA,NA,NA,0,0,0,0,NA,NA,NA,NA,NA,NA,NA,NA,NA,NA
"KENNYBRITT","WR","Kenny Britt","STL",89,271,"0",NA,NA,NA,NA,NA,NA,NA,NA,2.5,32.3,0.2,0,NA,NA,NA,NA,NA,NA,NA,NA,NA,NA
"ANTONIOBROWN","WR","Antonio Brown","PIT",90,272,"0",NA,NA,NA,NA,NA,NA,NA,NA,7,93.4,0.6,0,NA,NA,NA,NA,NA,NA,NA,NA,NA,NA
"MARTAVISBRYANT","WR","Martavis Bryant","PIT",91,273,"0",NA,NA,NA,NA,NA,NA,NA,NA,3.7,52.5,0.5,0,NA,NA,NA,NA,NA,NA,NA,NA,NA,NA
"DEMARYIUSTHOMAS","WR","Demaryius Thomas","DEN",92,274,"0",NA,NA,NA,NA,NA,NA,NA,NA,7.1,97.5,0.4,0.1,NA,NA,NA,NA,NA,NA,NA,NA,NA,NA
"DWAYNEHARRIS","WR","Dwayne Harris","NYG",93,275,"0",NA,NA,NA,NA,NA,NA,NA,NA,2.2,26.2,0.3,0.1,NA,NA,NA,NA,NA,NA,NA,NA,NA,NA
"MATTHAZEL","WR","Matt Hazel","MIA",94,276,"0",NA,NA,NA,NA,NA,NA,NA,NA,0,0,0,0,NA,NA,NA,NA,NA,NA,NA,NA,NA,NA
"BENNIEFOWLER","WR","Bennie Fowler","DEN",95,277,"0",NA,NA,NA,NA,NA,NA,NA,NA,1.1,13.6,0.1,0,NA,NA,NA,NA,NA,NA,NA,NA,NA,NA
"JOSHHUFF","WR","Josh Huff","PHI",96,278,"0",NA,NA,NA,NA,NA,NA,NA,NA,1.6,20.9,0.1,0.1,NA,NA,NA,NA,NA,NA,NA,NA,NA,NA
"SETHROBERTS","WR","Seth Roberts","OAK",97,279,"0",NA,NA,NA,NA,NA,NA,NA,NA,1.4,16.7,0.1,0,NA,NA,NA,NA,NA,NA,NA,NA,NA,NA
"TYHILTON","WR","T.Y. Hilton","IND",98,280,"0",NA,NA,NA,NA,NA,NA,NA,NA,5,60.7,0.3,0,NA,NA,NA,NA,NA,NA,NA,NA,NA,NA
"BRANDONMARSHALL","WR","Brandon Marshall","NYJ",99,281,"0",NA,NA,NA,NA,NA,NA,NA,NA,4.2,57,0.4,0.2,NA,NA,NA,NA,NA,NA,NA,NA,NA,NA
"EMMANUELSANDERS","WR","Emmanuel Sanders","DEN",100,282,"0",NA,NA,NA,NA,NA,NA,NA,NA,5.7,78,0.5,0,NA,NA,NA,NA,NA,NA,NA,NA,NA,NA
"BRANDONTATE","WR","Brandon Tate","CIN",101,283,"0",NA,NA,NA,NA,NA,NA,NA,NA,0.1,1.2,0,0,NA,NA,NA,NA,NA,NA,NA,NA,NA,NA
"TERRANCEWILLIAMS","WR","Terrance Williams","DAL",102,284,"0",NA,NA,NA,NA,NA,NA,NA,NA,2.4,43.6,0.4,0,NA,NA,NA,NA,NA,NA,NA,NA,NA,NA
"RYANGRANT","WR","Ryan Grant","WAS",103,285,"0",NA,NA,NA,NA,NA,NA,NA,NA,1.5,20.1,0.1,0,NA,NA,NA,NA,NA,NA,NA,NA,NA,NA
"DEVINSMITH","WR","Devin Smith","NYJ",104,286,"0",NA,NA,NA,NA,NA,NA,NA,NA,1.1,13.9,0.1,0,NA,NA,NA,NA,NA,NA,NA,NA,NA,NA
"ANDRECALDWELL","WR","Andre Caldwell","DEN",105,287,"0",NA,NA,NA,NA,NA,NA,NA,NA,1.1,14.3,0.1,0,NA,NA,NA,NA,NA,NA,NA,NA,NA,NA
"RISHARDMATTHEWS","WR","Rishard Matthews","MIA",106,288,"0",NA,NA,NA,NA,NA,NA,NA,NA,3,36.5,0.3,0,NA,NA,NA,NA,NA,NA,NA,NA,NA,NA
"TJGRAHAM","WR","T.J. Graham","NO",107,289,"0",NA,NA,NA,NA,NA,NA,NA,NA,0,0,0,0,NA,NA,NA,NA,NA,NA,NA,NA,NA,NA
"DORIALGREENBECKHAM","WR","Dorial Green-Beckham","TEN",108,290,"0",NA,NA,NA,NA,NA,NA,NA,NA,2,31.8,0.4,0,NA,NA,NA,NA,NA,NA,NA,NA,NA,NA
"NICKWILLIAMS","WR","Nick Williams","ATL",109,291,"0",NA,NA,NA,NA,NA,NA,NA,NA,0.1,0.7,0,0,NA,NA,NA,NA,NA,NA,NA,NA,NA,NA
"TORREYSMITH","WR","Torrey Smith","SF",110,292,"0",NA,NA,NA,NA,NA,NA,NA,NA,1.6,51.8,0.4,0,NA,NA,NA,NA,NA,NA,NA,NA,NA,NA
"MARQUESCOLSTON","WR","Marques Colston","NO",111,293,"0",NA,NA,NA,NA,NA,NA,NA,NA,3.7,48.4,0.2,0,NA,NA,NA,NA,NA,NA,NA,NA,NA,NA
"TAVONAUSTIN","WR","Tavon Austin","STL",112,294,"0",NA,NA,NA,NA,NA,NA,NA,NA,2.9,28.8,0.3,0.1,NA,NA,NA,NA,NA,NA,NA,NA,NA,NA
"DEANDREPRESLEY","WR","De'Andre Presley","CAR",113,295,"0",NA,NA,NA,NA,NA,NA,NA,NA,0,0,0,0,NA,NA,NA,NA,NA,NA,NA,NA,NA,NA
"JORDANMATTHEWS","WR","Jordan Matthews","PHI",114,296,"0",NA,NA,NA,NA,NA,NA,NA,NA,5.6,62.7,0.2,0.2,NA,NA,NA,NA,NA,NA,NA,NA,NA,NA
"NELSONAGHOLOR","WR","Nelson Agholor","PHI",115,297,"0",NA,NA,NA,NA,NA,NA,NA,NA,2.4,32.2,0.2,0.2,NA,NA,NA,NA,NA,NA,NA,NA,NA,NA
"AJGREEN","WR","A.J. Green","CIN",116,298,"0",NA,NA,NA,NA,NA,NA,NA,NA,5.8,88,0.6,0,NA,NA,NA,NA,NA,NA,NA,NA,NA,NA
"TEDGINN","WR","Ted Ginn","CAR",117,299,"0",NA,NA,NA,NA,NA,NA,NA,NA,3.4,54.6,0.4,0,NA,NA,NA,NA,NA,NA,NA,NA,NA,NA
"BRICEBUTLER","WR","Brice Butler","DAL",118,300,"0",NA,NA,NA,NA,NA,NA,NA,NA,0.1,1.5,0,0,NA,NA,NA,NA,NA,NA,NA,NA,NA,NA
"DARRIUSHEYWARDBEY","WR","Darrius Heyward-Bey","PIT",119,301,"0",NA,NA,NA,NA,NA,NA,NA,NA,2.4,26.5,0.3,0,NA,NA,NA,NA,NA,NA,NA,NA,NA,NA
"DONTRELLEINMAN","WR","Dontrelle Inman","SD",120,302,"0",NA,NA,NA,NA,NA,NA,NA,NA,2.4,34.7,0.2,0,NA,NA,NA,NA,NA,NA,NA,NA,NA,NA
"PRESTONPARKER","WR","Preston Parker","NYG",121,303,"0",NA,NA,NA,NA,NA,NA,NA,NA,0,0,0,0,NA,NA,NA,NA,NA,NA,NA,NA,NA,NA
"JULIANEDELMAN","WR","Julian Edelman","NE",122,304,"0",NA,NA,NA,NA,NA,NA,NA,NA,7.6,88.4,0.7,0,NA,NA,NA,NA,NA,NA,NA,NA,NA,NA
"WALTPOWELL","WR","Walt Powell","OAK",123,305,"0",NA,NA,NA,NA,NA,NA,NA,NA,0,0,0,0,NA,NA,NA,NA,NA,NA,NA,NA,NA,NA
"DONTEMONCRIEF","WR","Donte Moncrief","IND",124,306,"0",NA,NA,NA,NA,NA,NA,NA,NA,3.7,38.6,0.4,0,NA,NA,NA,NA,NA,NA,NA,NA,NA,NA
"BRANDINCOOKS","WR","Brandin Cooks","NO",125,307,"0",NA,NA,NA,NA,NA,NA,NA,NA,5.3,68.5,0.4,0,NA,NA,NA,NA,NA,NA,NA,NA,NA,NA
"DEVINFUNCHESS","WR","Devin Funchess","CAR",126,308,"0",NA,NA,NA,NA,NA,NA,NA,NA,1.6,24.4,0.1,0,NA,NA,NA,NA,NA,NA,NA,NA,NA,NA
"JAMESJONES","WR","James Jones","GB",127,309,"0",NA,NA,NA,NA,NA,NA,NA,NA,3.2,45,0.5,0.1,NA,NA,NA,NA,NA,NA,NA,NA,NA,NA
"TRAVISBENJAMIN","WR","Travis Benjamin","CLE",128,310,"0",NA,NA,NA,NA,NA,NA,NA,NA,3.1,44.4,0.2,0.2,NA,NA,NA,NA,NA,NA,NA,NA,NA,NA
"MARCMARIANI","WR","Marc Mariani","CHI",129,311,"0",NA,NA,NA,NA,NA,NA,NA,NA,0.1,0.7,0,0,NA,NA,NA,NA,NA,NA,NA,NA,NA,NA
"BRANDONLAFELL","WR","Brandon LaFell","NE",130,312,"0",NA,NA,NA,NA,NA,NA,NA,NA,4.3,56.8,0.4,0.2,NA,NA,NA,NA,NA,NA,NA,NA,NA,NA
"BRUCEELLINGTON","WR","Bruce Ellington","SF",131,313,"0",NA,NA,NA,NA,NA,NA,NA,NA,0.9,11.2,0.1,0,NA,NA,NA,NA,NA,NA,NA,NA,NA,NA
"RUSSELLSHEPARD","WR","Russell Shepard","TB",132,314,"0",NA,NA,NA,NA,NA,NA,NA,NA,0,0.1,0,0,NA,NA,NA,NA,NA,NA,NA,NA,NA,NA
"AARONDOBSON","WR","Aaron Dobson","NE",133,315,"0",NA,NA,NA,NA,NA,NA,NA,NA,0.1,1.8,0,0,NA,NA,NA,NA,NA,NA,NA,NA,NA,NA
"JAMISONCROWDER","WR","Jamison Crowder","WAS",134,316,"0",NA,NA,NA,NA,NA,NA,NA,NA,2.9,32.1,0.1,0,NA,NA,NA,NA,NA,NA,NA,NA,NA,NA
"DONTEEADYE","WR","Donteea Dye","TB",135,317,"0",NA,NA,NA,NA,NA,NA,NA,NA,2,27.8,0.2,0,NA,NA,NA,NA,NA,NA,NA,NA,NA,NA
"RASHADROSS","WR","Rashad Ross","WAS",136,318,"0",NA,NA,NA,NA,NA,NA,NA,NA,0,0,0,0,NA,NA,NA,NA,NA,NA,NA,NA,NA,NA
"ERICWEEMS","WR","Eric Weems","ATL",137,319,"0",NA,NA,NA,NA,NA,NA,NA,NA,0,0,0,0,NA,NA,NA,NA,NA,NA,NA,NA,NA,NA
"QUINTONPATTON","WR","Quinton Patton","SF",138,320,"0",NA,NA,NA,NA,NA,NA,NA,NA,1.1,13.6,0.1,0.1,NA,NA,NA,NA,NA,NA,NA,NA,NA,NA
"BRANDONCOLEMAN","WR","Brandon Coleman","NO",139,321,"0",NA,NA,NA,NA,NA,NA,NA,NA,2.1,26.9,0.2,0,NA,NA,NA,NA,NA,NA,NA,NA,NA,NA
"WILLIESNEAD","WR","Willie Snead","NO",140,322,"0",NA,NA,NA,NA,NA,NA,NA,NA,4.2,63.8,0.4,0.1,NA,NA,NA,NA,NA,NA,NA,NA,NA,NA
"MARVINJONES","WR","Marvin Jones","CIN",141,323,"0",NA,NA,NA,NA,NA,NA,NA,NA,3.1,43.2,0.5,0,NA,NA,NA,NA,NA,NA,NA,NA,NA,NA
"JASONWITTEN","TE","Jason Witten","DAL",1,324,"0",NA,NA,NA,NA,NA,NA,NA,NA,4,44.4,0.3,0.1,NA,NA,NA,NA,NA,NA,NA,NA,NA,NA
"GEOFFSWAIM","TE","Geoff Swaim","DAL",2,325,"0",NA,NA,NA,NA,NA,NA,NA,NA,0,0,0,0,NA,NA,NA,NA,NA,NA,NA,NA,NA,NA
"KYLERUDOLPH","TE","Kyle Rudolph","MIN",3,326,"0",NA,NA,NA,NA,NA,NA,NA,NA,2.9,22.8,0.3,0,NA,NA,NA,NA,NA,NA,NA,NA,NA,NA
"CHASECOFFMAN","TE","Chase Coffman","TEN",4,327,"0",NA,NA,NA,NA,NA,NA,NA,NA,0,0,0,0,NA,NA,NA,NA,NA,NA,NA,NA,NA,NA
"JACOBTAMME","TE","Jacob Tamme","ATL",5,328,"0",NA,NA,NA,NA,NA,NA,NA,NA,3.2,34.9,0.1,0,NA,NA,NA,NA,NA,NA,NA,NA,NA,NA
"CHARLESCLAY","TE","Charles Clay","BUF",6,329,"0",NA,NA,NA,NA,NA,NA,NA,NA,4.3,39.6,0.2,0,NA,NA,NA,NA,NA,NA,NA,NA,NA,NA
"MARTELLUSBENNETT","TE","Martellus Bennett","CHI",7,330,"0",NA,NA,NA,NA,NA,NA,NA,NA,5.4,52.2,0.3,0,NA,NA,NA,NA,NA,NA,NA,NA,NA,NA
"DELANIEWALKER","TE","Delanie Walker","TEN",8,331,"0",NA,NA,NA,NA,NA,NA,NA,NA,3.1,39.1,0.2,0,NA,NA,NA,NA,NA,NA,NA,NA,NA,NA
"GABEHOLMES","TE","Gabe Holmes","OAK",9,332,"0",NA,NA,NA,NA,NA,NA,NA,NA,0,0,0,0,NA,NA,NA,NA,NA,NA,NA,NA,NA,NA
"VANCEMCDONALD","TE","Vance McDonald","SF",10,333,"0",NA,NA,NA,NA,NA,NA,NA,NA,1,10,0.1,0,NA,NA,NA,NA,NA,NA,NA,NA,NA,NA
"BRANDONMYERS","TE","Brandon Myers","TB",11,334,"0",NA,NA,NA,NA,NA,NA,NA,NA,1.1,11.8,0,0,NA,NA,NA,NA,NA,NA,NA,NA,NA,NA
"ANTONIOGATES","TE","Antonio Gates","SD",12,335,"0",NA,NA,NA,NA,NA,NA,NA,NA,4.8,55,0.6,0.1,NA,NA,NA,NA,NA,NA,NA,NA,NA,NA
"JAKESTONEBURNER","TE","Jake Stoneburner","MIA",13,336,"0",NA,NA,NA,NA,NA,NA,NA,NA,1.9,16.6,0.3,0,NA,NA,NA,NA,NA,NA,NA,NA,NA,NA
"JAREDCOOK","TE","Jared Cook","STL",14,337,"0",NA,NA,NA,NA,NA,NA,NA,NA,2.8,33.4,0.1,0.1,NA,NA,NA,NA,NA,NA,NA,NA,NA,NA
"CAMERONBRATE","TE","Cameron Brate","TB",15,338,"0",NA,NA,NA,NA,NA,NA,NA,NA,0,0.6,0,0,NA,NA,NA,NA,NA,NA,NA,NA,NA,NA
"WILLTYE","TE","Will Tye","NYG",16,339,"0",NA,NA,NA,NA,NA,NA,NA,NA,1.6,14.8,0.1,0.1,NA,NA,NA,NA,NA,NA,NA,NA,NA,NA
"HEATHMILLER","TE","Heath Miller","PIT",17,340,"0",NA,NA,NA,NA,NA,NA,NA,NA,3.7,37.8,0.2,0.1,NA,NA,NA,NA,NA,NA,NA,NA,NA,NA
"MICHAELHOOMANAWANUI","TE","Michael Hoomanawanui","NO",18,341,"0",NA,NA,NA,NA,NA,NA,NA,NA,0.1,1,0,0,NA,NA,NA,NA,NA,NA,NA,NA,NA,NA
"MYCOLEPRUITT","TE","MyCole Pruitt","MIN",19,342,"0",NA,NA,NA,NA,NA,NA,NA,NA,0,0.4,0,0,NA,NA,NA,NA,NA,NA,NA,NA,NA,NA
"ROBGRONKOWSKI","TE","Rob Gronkowski","NE",20,343,"0",NA,NA,NA,NA,NA,NA,NA,NA,5.8,94.9,1,0,NA,NA,NA,NA,NA,NA,NA,NA,NA,NA
"JIMDRAY","TE","Jim Dray","CLE",21,344,"0",NA,NA,NA,NA,NA,NA,NA,NA,1.7,17.9,0.1,0,NA,NA,NA,NA,NA,NA,NA,NA,NA,NA
"JACKDOYLE","TE","Jack Doyle","IND",22,345,"0",NA,NA,NA,NA,NA,NA,NA,NA,0.1,0.4,0,0,NA,NA,NA,NA,NA,NA,NA,NA,NA,NA
"CORYHARKEY","TE","Cory Harkey","STL",23,346,"0",NA,NA,NA,NA,NA,NA,NA,NA,0,0.2,0,0,NA,NA,NA,NA,NA,NA,NA,NA,NA,NA
"JULIUSTHOMAS","TE","Julius Thomas","JAC",24,347,"0",NA,NA,NA,NA,NA,NA,NA,NA,3.4,35.6,0.3,0,NA,NA,NA,NA,NA,NA,NA,NA,NA,NA
"CHASEFORD","TE","Chase Ford","MIN",25,348,"0",NA,NA,NA,NA,NA,NA,NA,NA,0.1,1,0,0,NA,NA,NA,NA,NA,NA,NA,NA,NA,NA
"DAVIDJOHNSON","TE","David Johnson","SD",26,349,"0",NA,NA,NA,NA,NA,NA,NA,NA,0,0.5,0,0,NA,NA,NA,NA,NA,NA,NA,NA,NA,NA
"JEFFCUMBERLAND","TE","Jeff Cumberland","NYJ",27,350,"0",NA,NA,NA,NA,NA,NA,NA,NA,0.1,0.7,0,0,NA,NA,NA,NA,NA,NA,NA,NA,NA,NA
"GAVINESCOBAR","TE","Gavin Escobar","DAL",28,351,"0",NA,NA,NA,NA,NA,NA,NA,NA,1.6,16.9,0.2,0.2,NA,NA,NA,NA,NA,NA,NA,NA,NA,NA
"LADARIUSGREEN","TE","Ladarius Green","SD",29,352,"0",NA,NA,NA,NA,NA,NA,NA,NA,2.6,33.9,0.4,0,NA,NA,NA,NA,NA,NA,NA,NA,NA,NA
"VERNONDAVIS","TE","Vernon Davis","DEN",30,353,"0",NA,NA,NA,NA,NA,NA,NA,NA,0.7,9.2,0.1,0,NA,NA,NA,NA,NA,NA,NA,NA,NA,NA
"GARYBARNIDGE","TE","Gary Barnidge","CLE",31,354,"0",NA,NA,NA,NA,NA,NA,NA,NA,3.8,52.1,0.3,0,NA,NA,NA,NA,NA,NA,NA,NA,NA,NA
"JOSHHILL","TE","Josh Hill","NO",32,355,"0",NA,NA,NA,NA,NA,NA,NA,NA,2.5,25.8,0.2,0,NA,NA,NA,NA,NA,NA,NA,NA,NA,NA
"TREYBURTON","TE","Trey Burton","PHI",33,356,"0",NA,NA,NA,NA,NA,NA,NA,NA,0,0,0,0,NA,NA,NA,NA,NA,NA,NA,NA,NA,NA
"CHRISGRAGG","TE","Chris Gragg","BUF",34,357,"0",NA,NA,NA,NA,NA,NA,NA,NA,0.1,1.1,0,0,NA,NA,NA,NA,NA,NA,NA,NA,NA,NA
"RICHARDRODGERS","TE","Richard Rodgers","GB",35,358,"0",NA,NA,NA,NA,NA,NA,NA,NA,2.6,21.5,0.2,0,NA,NA,NA,NA,NA,NA,NA,NA,NA,NA
"KYLEMILLER","TE","Kyle Miller","SD",36,359,"0",NA,NA,NA,NA,NA,NA,NA,NA,0,0,0,0,NA,NA,NA,NA,NA,NA,NA,NA,NA,NA
"CJUZOMAH","TE","C.J. Uzomah","CIN",37,360,"0",NA,NA,NA,NA,NA,NA,NA,NA,0,0,0,0,NA,NA,NA,NA,NA,NA,NA,NA,NA,NA
"LEVINETOILOLO","TE","Levine Toilolo","ATL",38,361,"0",NA,NA,NA,NA,NA,NA,NA,NA,2.4,24.7,0.1,0,NA,NA,NA,NA,NA,NA,NA,NA,NA,NA
"ANTHONYMCCOY","TE","Anthony McCoy","WAS",39,362,"0",NA,NA,NA,NA,NA,NA,NA,NA,0,0.4,0,0,NA,NA,NA,NA,NA,NA,NA,NA,NA,NA
"LANCEKENDRICKS","TE","Lance Kendricks","STL",40,363,"0",NA,NA,NA,NA,NA,NA,NA,NA,1.8,15.5,0.3,0,NA,NA,NA,NA,NA,NA,NA,NA,NA,NA
"KELLENDAVIS","TE","Kellen Davis","NYJ",41,364,"0",NA,NA,NA,NA,NA,NA,NA,NA,1.5,15.5,0.3,0,NA,NA,NA,NA,NA,NA,NA,NA,NA,NA
"LEESMITH","TE","Lee Smith","OAK",42,365,"0",NA,NA,NA,NA,NA,NA,NA,NA,1.5,13.8,0.1,0,NA,NA,NA,NA,NA,NA,NA,NA,NA,NA
"TYLEREIFERT","TE","Tyler Eifert","CIN",43,366,"0",NA,NA,NA,NA,NA,NA,NA,NA,4.4,58.2,0.8,0,NA,NA,NA,NA,NA,NA,NA,NA,NA,NA
"EJBIBBS","TE","E.J. Bibbs","CLE",44,367,"0",NA,NA,NA,NA,NA,NA,NA,NA,0,0,0,0,NA,NA,NA,NA,NA,NA,NA,NA,NA,NA
"TYLERKROFT","TE","Tyler Kroft","CIN",45,368,"0",NA,NA,NA,NA,NA,NA,NA,NA,0,0.3,0,0,NA,NA,NA,NA,NA,NA,NA,NA,NA,NA
"AUSTINSEFERIANJENKINS","TE","Austin Seferian-Jenkins","TB",46,369,"0",NA,NA,NA,NA,NA,NA,NA,NA,2.7,49.5,0.4,0.1,NA,NA,NA,NA,NA,NA,NA,NA,NA,NA
"JORDANCAMERON","TE","Jordan Cameron","MIA",47,370,"0",NA,NA,NA,NA,NA,NA,NA,NA,2.3,26,0.1,0,NA,NA,NA,NA,NA,NA,NA,NA,NA,NA
"MATTHEWMULLIGAN","TE","Matthew Mulligan","BUF",48,371,"0",NA,NA,NA,NA,NA,NA,NA,NA,0,0.2,0,0,NA,NA,NA,NA,NA,NA,NA,NA,NA,NA
"JESSEJAMES","TE","Jesse James","PIT",49,372,"0",NA,NA,NA,NA,NA,NA,NA,NA,0,0.4,0,0,NA,NA,NA,NA,NA,NA,NA,NA,NA,NA
"OWENDANIELS","TE","Owen Daniels","DEN",50,373,"0",NA,NA,NA,NA,NA,NA,NA,NA,2,19.1,0.3,0,NA,NA,NA,NA,NA,NA,NA,NA,NA,NA
"ZACHMILLER","TE","Zach Miller","CHI",51,374,"0",NA,NA,NA,NA,NA,NA,NA,NA,0.1,0.8,0,0,NA,NA,NA,NA,NA,NA,NA,NA,NA,NA
"EDDICKSON","TE","Ed Dickson","CAR",52,375,"0",NA,NA,NA,NA,NA,NA,NA,NA,1.5,17.6,0.1,0,NA,NA,NA,NA,NA,NA,NA,NA,NA,NA
"MALCOLMJOHNSON","TE","Malcolm Johnson","CLE",53,376,"0",NA,NA,NA,NA,NA,NA,NA,NA,0,0.2,0,0,NA,NA,NA,NA,NA,NA,NA,NA,NA,NA
"MARCEDESLEWIS","TE","Marcedes Lewis","JAC",54,377,"0",NA,NA,NA,NA,NA,NA,NA,NA,1,10.8,0.1,0.1,NA,NA,NA,NA,NA,NA,NA,NA,NA,NA
"RHETTELLISON","TE","Rhett Ellison","MIN",55,378,"0",NA,NA,NA,NA,NA,NA,NA,NA,1.6,15.7,0.1,0,NA,NA,NA,NA,NA,NA,NA,NA,NA,NA
"VIRGILGREEN","TE","Virgil Green","DEN",56,379,"0",NA,NA,NA,NA,NA,NA,NA,NA,1.9,19.6,0.1,0,NA,NA,NA,NA,NA,NA,NA,NA,NA,NA
"BRANDONWILLIAMS","TE","Brandon Williams","MIA",57,380,"0",NA,NA,NA,NA,NA,NA,NA,NA,0,0.2,0,0,NA,NA,NA,NA,NA,NA,NA,NA,NA,NA
"ZACHERTZ","TE","Zach Ertz","PHI",58,381,"0",NA,NA,NA,NA,NA,NA,NA,NA,2.9,34,0.1,0,NA,NA,NA,NA,NA,NA,NA,NA,NA,NA
"PHILLIPSUPERNAW","TE","Phillip Supernaw","TEN",59,382,"0",NA,NA,NA,NA,NA,NA,NA,NA,0,0,0,0,NA,NA,NA,NA,NA,NA,NA,NA,NA,NA
"KENNARDBACKMAN","TE","Kennard Backman","GB",60,383,"0",NA,NA,NA,NA,NA,NA,NA,NA,0,0,0,0,NA,NA,NA,NA,NA,NA,NA,NA,NA,NA
"ANTHONYFASANO","TE","Anthony Fasano","TEN",61,384,"0",NA,NA,NA,NA,NA,NA,NA,NA,1.5,18.1,0.2,0,NA,NA,NA,NA,NA,NA,NA,NA,NA,NA
"BENJAMINWATSON","TE","Benjamin Watson","NO",62,385,"0",NA,NA,NA,NA,NA,NA,NA,NA,3.3,40.5,0.3,0.1,NA,NA,NA,NA,NA,NA,NA,NA,NA,NA
"MATTSPAETH","TE","Matt Spaeth","PIT",63,386,"0",NA,NA,NA,NA,NA,NA,NA,NA,0,0.4,0,0,NA,NA,NA,NA,NA,NA,NA,NA,NA,NA
"JOHNPHILLIPS","TE","John Phillips","SD",64,387,"0",NA,NA,NA,NA,NA,NA,NA,NA,2.2,22.5,0.2,0,NA,NA,NA,NA,NA,NA,NA,NA,NA,NA
"CLIVEWALFORD","TE","Clive Walford","OAK",65,388,"0",NA,NA,NA,NA,NA,NA,NA,NA,0.9,8.2,0.1,0,NA,NA,NA,NA,NA,NA,NA,NA,NA,NA
"DEREKCARRIER","TE","Derek Carrier","WAS",66,389,"0",NA,NA,NA,NA,NA,NA,NA,NA,1.1,11.4,0,0,NA,NA,NA,NA,NA,NA,NA,NA,NA,NA
"NICKOLEARY","TE","Nick O'Leary","BUF",67,390,"0",NA,NA,NA,NA,NA,NA,NA,NA,0,0,0,0,NA,NA,NA,NA,NA,NA,NA,NA,NA,NA
"LUKESTOCKER","TE","Luke Stocker","TB",68,391,"0",NA,NA,NA,NA,NA,NA,NA,NA,0.1,0.5,0,0,NA,NA,NA,NA,NA,NA,NA,NA,NA,NA
"MYCHALRIVERA","TE","Mychal Rivera","OAK",69,392,"0",NA,NA,NA,NA,NA,NA,NA,NA,2,17.2,0.1,0,NA,NA,NA,NA,NA,NA,NA,NA,NA,NA
"CLAYHARBOR","TE","Clay Harbor","JAC",70,393,"0",NA,NA,NA,NA,NA,NA,NA,NA,0.1,1.2,0,0,NA,NA,NA,NA,NA,NA,NA,NA,NA,NA
"BRENTCELEK","TE","Brent Celek","PHI",71,394,"0",NA,NA,NA,NA,NA,NA,NA,NA,1.8,20.8,0.3,0.1,NA,NA,NA,NA,NA,NA,NA,NA,NA,NA
"GREGOLSEN","TE","Greg Olsen","CAR",72,395,"0",NA,NA,NA,NA,NA,NA,NA,NA,4.5,65.8,0.4,0,NA,NA,NA,NA,NA,NA,NA,NA,NA,NA
"JORDANREED","TE","Jordan Reed","WAS",73,396,"0",NA,NA,NA,NA,NA,NA,NA,NA,5.1,52.5,0.3,0.1,NA,NA,NA,NA,NA,NA,NA,NA,NA,NA
"GARRETTCELEK","TE","Garrett Celek","SF",74,397,"0",NA,NA,NA,NA,NA,NA,NA,NA,1.8,19.1,0.3,0,NA,NA,NA,NA,NA,NA,NA,NA,NA,NA
"MITCHELLHENRY","TE","Mitchell Henry","GB",75,398,"0",NA,NA,NA,NA,NA,NA,NA,NA,0,0,0,0,NA,NA,NA,NA,NA,NA,NA,NA,NA,NA
"DIONSIMS","TE","Dion Sims","MIA",76,399,"0",NA,NA,NA,NA,NA,NA,NA,NA,1.5,13.3,0.1,0,NA,NA,NA,NA,NA,NA,NA,NA,NA,NA
"CRAIGSTEVENS","TE","Craig Stevens","TEN",77,400,"0",NA,NA,NA,NA,NA,NA,NA,NA,0,0.6,0,0,NA,NA,NA,NA,NA,NA,NA,NA,NA,NA
"JAMESHANNA","TE","James Hanna","DAL",78,401,"0",NA,NA,NA,NA,NA,NA,NA,NA,0,0.3,0,0,NA,NA,NA,NA,NA,NA,NA,NA,NA,NA
"SCOTTCHANDLER","TE","Scott Chandler","NE",79,402,"0",NA,NA,NA,NA,NA,NA,NA,NA,1.6,20,0.1,0,NA,NA,NA,NA,NA,NA,NA,NA,NA,NA
"NICJACOBS","TE","Nic Jacobs","JAC",80,403,"0",NA,NA,NA,NA,NA,NA,NA,NA,0,0.2,0,0,NA,NA,NA,NA,NA,NA,NA,NA,NA,NA
"RYANHEWITT","TE","Ryan Hewitt","CIN",81,404,"0",NA,NA,NA,NA,NA,NA,NA,NA,0.8,10.1,0.1,0,NA,NA,NA,NA,NA,NA,NA,NA,NA,NA
"DWAYNEALLEN","TE","Dwayne Allen","IND",82,405,"0",NA,NA,NA,NA,NA,NA,NA,NA,2,18.7,0.2,0,NA,NA,NA,NA,NA,NA,NA,NA,NA,NA
"COBYFLEENER","TE","Coby Fleener","IND",83,406,"0",NA,NA,NA,NA,NA,NA,NA,NA,3.5,34.3,0.2,0,NA,NA,NA,NA,NA,NA,NA,NA,NA,NA
"JAMESCASEY","TE","James Casey","DEN",84,407,"0",NA,NA,NA,NA,NA,NA,NA,NA,0,0,0,0,NA,NA,NA,NA,NA,NA,NA,NA,NA,NA
"KHARILEE","TE","Khari Lee","CHI",85,408,"0",NA,NA,NA,NA,NA,NA,NA,NA,0,0,0,0,NA,NA,NA,NA,NA,NA,NA,NA,NA,NA
"JEROMECUNNINGHAM","TE","Jerome Cunningham","NYG",86,409,"0",NA,NA,NA,NA,NA,NA,NA,NA,0,0,0,0,NA,NA,NA,NA,NA,NA,NA,NA,NA,NA
"BLAKEBELL","TE","Blake Bell","SF",87,410,"0",NA,NA,NA,NA,NA,NA,NA,NA,0,0,0,0,NA,NA,NA,NA,NA,NA,NA,NA,NA,NA
"DANCARPENTER","K","Dan Carpenter","BUF",1,411,"0",NA,NA,NA,NA,NA,NA,NA,NA,NA,NA,NA,NA,NA,NA,NA,NA,NA,NA,NA,2.1,2.5,2.4
"MASONCROSBY","K","Mason Crosby","GB",2,412,"0",NA,NA,NA,NA,NA,NA,NA,NA,NA,NA,NA,NA,NA,NA,NA,NA,NA,NA,NA,1.5,1.7,1.9
"MATTBRYANT","K","Matt Bryant","ATL",3,413,"0",NA,NA,NA,NA,NA,NA,NA,NA,NA,NA,NA,NA,NA,NA,NA,NA,NA,NA,NA,1.6,1.9,2
"NICKFOLK","K","Nick Folk","NYJ",4,414,"0",NA,NA,NA,NA,NA,NA,NA,NA,NA,NA,NA,NA,NA,NA,NA,NA,NA,NA,NA,1.9,2.2,2.4
"KAIFORBATH","K","Kai Forbath","NO",5,415,"0",NA,NA,NA,NA,NA,NA,NA,NA,NA,NA,NA,NA,NA,NA,NA,NA,NA,NA,NA,1.7,2,2.8
"TRAVISCOONS","K","Travis Coons","CLE",6,416,"0",NA,NA,NA,NA,NA,NA,NA,NA,NA,NA,NA,NA,NA,NA,NA,NA,NA,NA,NA,1,1,1.2
"ROBBIEGOULD","K","Robbie Gould","CHI",7,417,"0",NA,NA,NA,NA,NA,NA,NA,NA,NA,NA,NA,NA,NA,NA,NA,NA,NA,NA,NA,1.4,1.6,1.9
"BLAIRWALSH","K","Blair Walsh","MIN",8,418,"0",NA,NA,NA,NA,NA,NA,NA,NA,NA,NA,NA,NA,NA,NA,NA,NA,NA,NA,NA,1.9,2.2,2.1
"STEPHENGOSTKOWSKI","K","Stephen Gostkowski","NE",9,419,"0",NA,NA,NA,NA,NA,NA,NA,NA,NA,NA,NA,NA,NA,NA,NA,NA,NA,NA,NA,2.8,2.8,3.7
"ADAMVINATIERI","K","Adam Vinatieri","IND",10,420,"0",NA,NA,NA,NA,NA,NA,NA,NA,NA,NA,NA,NA,NA,NA,NA,NA,NA,NA,NA,1.5,1.7,2.2
"RYANSUCCOP","K","Ryan Succop","TEN",11,421,"0",NA,NA,NA,NA,NA,NA,NA,NA,NA,NA,NA,NA,NA,NA,NA,NA,NA,NA,NA,1.2,1.3,1.8
"CALEBSTURGIS","K","Caleb Sturgis","PHI",12,422,"0",NA,NA,NA,NA,NA,NA,NA,NA,NA,NA,NA,NA,NA,NA,NA,NA,NA,NA,NA,1.7,2.2,2.3
"BRANDONMCMANUS","K","Brandon McManus","DEN",13,423,"0",NA,NA,NA,NA,NA,NA,NA,NA,NA,NA,NA,NA,NA,NA,NA,NA,NA,NA,NA,1.7,1.8,2.2
"ANDREWFRANKS","K","Andrew Franks","MIA",14,424,"0",NA,NA,NA,NA,NA,NA,NA,NA,NA,NA,NA,NA,NA,NA,NA,NA,NA,NA,NA,1.2,1.6,1.6
"DUSTINHOPKINS","K","Dustin Hopkins","WAS",15,425,"0",NA,NA,NA,NA,NA,NA,NA,NA,NA,NA,NA,NA,NA,NA,NA,NA,NA,NA,NA,1.3,1.4,1.4
"CHRISBOSWELL","K","Chris Boswell","PIT",16,426,"0",NA,NA,NA,NA,NA,NA,NA,NA,NA,NA,NA,NA,NA,NA,NA,NA,NA,NA,NA,2.1,2.4,2.4
"JOSHLAMBO","K","Josh Lambo","SD",17,427,"0",NA,NA,NA,NA,NA,NA,NA,NA,NA,NA,NA,NA,NA,NA,NA,NA,NA,NA,NA,2.1,2.4,2.7
"GREGZUERLEIN","K","Greg Zuerlein","STL",18,428,"0",NA,NA,NA,NA,NA,NA,NA,NA,NA,NA,NA,NA,NA,NA,NA,NA,NA,NA,NA,1.1,1.6,1.5
"JOSHSCOBEE","K","Josh Scobee","PIT",19,429,"0",NA,NA,NA,NA,NA,NA,NA,NA,NA,NA,NA,NA,NA,NA,NA,NA,NA,NA,NA,0,0,0
"KYLEBRINDZA","K","Kyle Brindza","TB",20,430,"0",NA,NA,NA,NA,NA,NA,NA,NA,NA,NA,NA,NA,NA,NA,NA,NA,NA,NA,NA,0,0,0
"JORDANGAY","K","Jordan Gay","BUF",21,431,"0",NA,NA,NA,NA,NA,NA,NA,NA,NA,NA,NA,NA,NA,NA,NA,NA,NA,NA,NA,0,0,0
"BILLYCUNDIFF","K","Billy Cundiff","BUF",22,432,"0",NA,NA,NA,NA,NA,NA,NA,NA,NA,NA,NA,NA,NA,NA,NA,NA,NA,NA,NA,0,0,0
"CONNORBARTH","K","Connor Barth","TB",23,433,"0",NA,NA,NA,NA,NA,NA,NA,NA,NA,NA,NA,NA,NA,NA,NA,NA,NA,NA,NA,1.6,1.6,2.1
"SEBASTIANJANIKOWSKI","K","Sebastian Janikowski","OAK",24,434,"0",NA,NA,NA,NA,NA,NA,NA,NA,NA,NA,NA,NA,NA,NA,NA,NA,NA,NA,NA,1.5,1.8,1.6
"DANBAILEY","K","Dan Bailey","DAL",25,435,"0",NA,NA,NA,NA,NA,NA,NA,NA,NA,NA,NA,NA,NA,NA,NA,NA,NA,NA,NA,1.5,1.6,1.8
"PHILDAWSON","K","Phil Dawson","SF",26,436,"0",NA,NA,NA,NA,NA,NA,NA,NA,NA,NA,NA,NA,NA,NA,NA,NA,NA,NA,NA,1.6,1.8,1.7
"GRAHAMGANO","K","Graham Gano","CAR",27,437,"0",NA,NA,NA,NA,NA,NA,NA,NA,NA,NA,NA,NA,NA,NA,NA,NA,NA,NA,NA,1.7,2,1.9
"MIKENUGENT","K","Mike Nugent","CIN",28,438,"0",NA,NA,NA,NA,NA,NA,NA,NA,NA,NA,NA,NA,NA,NA,NA,NA,NA,NA,NA,1.9,2.4,2.8
"JASONMYERS","K","Jason Myers","JAC",29,439,"0",NA,NA,NA,NA,NA,NA,NA,NA,NA,NA,NA,NA,NA,NA,NA,NA,NA,NA,NA,1.1,1.5,1.6
"OAKLANDRAIDERS","DST","Oakland Raiders","OAK",1,440,"0",NA,NA,NA,NA,NA,NA,NA,NA,NA,NA,NA,NA,343,1.9,0,0.8,0.6,0.8,0.1,NA,NA,NA
"CLEVELANDBROWNS","DST","Cleveland Browns","CLE",2,441,"0",NA,NA,NA,NA,NA,NA,NA,NA,NA,NA,NA,NA,404,1.2,0,1.2,0.8,1.2,0.2,NA,NA,NA
"ATLANTAFALCONS","DST","Atlanta Falcons","ATL",3,442,"0",NA,NA,NA,NA,NA,NA,NA,NA,NA,NA,NA,NA,325,2.7,0,1,0.8,1.2,0.1,NA,NA,NA
"TAMPABAYBUCCANEERS","DST","Tampa Bay Buccaneers","TB",4,443,"0",NA,NA,NA,NA,NA,NA,NA,NA,NA,NA,NA,NA,360,2.2,0,0.7,1.1,1.6,0.3,NA,NA,NA
"DENVERBRONCOS","DST","Denver Broncos","DEN",5,444,"0",NA,NA,NA,NA,NA,NA,NA,NA,NA,NA,NA,NA,299,2.7,0,1.4,1.1,1.6,0.2,NA,NA,NA
"WASHINGTONREDSKINS","DST","Washington Redskins","WAS",6,445,"0",NA,NA,NA,NA,NA,NA,NA,NA,NA,NA,NA,NA,453,2.1,0,0.5,0.8,1.1,0.1,NA,NA,NA
"SANDIEGOCHARGERS","DST","San Diego Chargers","SD",7,446,"0",NA,NA,NA,NA,NA,NA,NA,NA,NA,NA,NA,NA,371,2.2,0,0.9,0.7,1,0.1,NA,NA,NA
"DALLASCOWBOYS","DST","Dallas Cowboys","DAL",8,447,"0",NA,NA,NA,NA,NA,NA,NA,NA,NA,NA,NA,NA,419,2.2,0,1.1,1.3,1.8,0.2,NA,NA,NA
"NEWYORKJETS","DST","New York Jets","NYJ",9,448,"0",NA,NA,NA,NA,NA,NA,NA,NA,NA,NA,NA,NA,258,4.1,0,1.7,0.9,1.2,0.3,NA,NA,NA
"PITTSBURGHSTEELERS","DST","Pittsburgh Steelers","PIT",10,449,"0",NA,NA,NA,NA,NA,NA,NA,NA,NA,NA,NA,NA,344,2.1,0,0.9,1,1.4,0.2,NA,NA,NA
"MINNESOTAVIKINGS","DST","Minnesota Vikings","MIN",11,450,"0",NA,NA,NA,NA,NA,NA,NA,NA,NA,NA,NA,NA,308,2.7,0,1,0.8,1.1,0.3,NA,NA,NA
"CAROLINAPANTHERS","DST","Carolina Panthers","CAR",12,451,"0",NA,NA,NA,NA,NA,NA,NA,NA,NA,NA,NA,NA,327,2.5,0,0.7,0.7,1,0.1,NA,NA,NA
"PHILADELPHIAEAGLES","DST","Philadelphia Eagles","PHI",13,452,"0",NA,NA,NA,NA,NA,NA,NA,NA,NA,NA,NA,NA,321,2,0,1.4,0.9,1.2,0.1,NA,NA,NA
"STLOUISRAMS","DST","St. Louis Rams","STL",14,453,"0",NA,NA,NA,NA,NA,NA,NA,NA,NA,NA,NA,NA,307,3.7,0,1.2,1,1.4,0.2,NA,NA,NA
"INDIANAPOLISCOLTS","DST","Indianapolis Colts","IND",15,454,"0",NA,NA,NA,NA,NA,NA,NA,NA,NA,NA,NA,NA,430,1.4,0,1.1,0.5,0.7,0.2,NA,NA,NA
"SANFRANCISCO49ERS","DST","San Francisco 49ers","SF",16,455,"0",NA,NA,NA,NA,NA,NA,NA,NA,NA,NA,NA,NA,409,2.6,0,1,0.7,0.9,0.2,NA,NA,NA
"CINCINNATIBENGALS","DST","Cincinnati Bengals","CIN",17,456,"0",NA,NA,NA,NA,NA,NA,NA,NA,NA,NA,NA,NA,280,2.7,0.1,1.3,1.2,1.6,0.1,NA,NA,NA
"TENNESSEETITANS","DST","Tennessee Titans","TEN",18,457,"0",NA,NA,NA,NA,NA,NA,NA,NA,NA,NA,NA,NA,416,2.8,0,1,0.7,0.9,0.1,NA,NA,NA
"MIAMIDOLPHINS","DST","Miami Dolphins","MIA",19,458,"0",NA,NA,NA,NA,NA,NA,NA,NA,NA,NA,NA,NA,365,2.6,0,0.8,0.9,1.2,0.2,NA,NA,NA
"NEWORLEANSSAINTS","DST","New Orleans Saints","NO",20,459,"0",NA,NA,NA,NA,NA,NA,NA,NA,NA,NA,NA,NA,329,3.2,0,0.8,1.1,1.5,0.1,NA,NA,NA
"BUFFALOBILLS","DST","Buffalo Bills","BUF",21,460,"0",NA,NA,NA,NA,NA,NA,NA,NA,NA,NA,NA,NA,299,3.1,0,1.2,0.6,0.8,0.1,NA,NA,NA
"NEWYORKGIANTS","DST","New York Giants","NYG",22,461,"0",NA,NA,NA,NA,NA,NA,NA,NA,NA,NA,NA,NA,353,2.6,0,1.3,0.8,1,0.2,NA,NA,NA
"JACKSONVILLEJAGUARS","DST","Jacksonville Jaguars","JAC",23,462,"0",NA,NA,NA,NA,NA,NA,NA,NA,NA,NA,NA,NA,333,2.5,0,1.1,0.9,1.3,0.2,NA,NA,NA
"CHICAGOBEARS","DST","Chicago Bears","CHI",24,463,"0",NA,NA,NA,NA,NA,NA,NA,NA,NA,NA,NA,NA,393,2.3,0,1.2,0.7,1,0.1,NA,NA,NA
"NEWENGLANDPATRIOTS","DST","New England Patriots","NE",25,464,"0",NA,NA,NA,NA,NA,NA,NA,NA,NA,NA,NA,NA,337,2.7,0,1.5,0.7,0.9,0.1,NA,NA,NA
NA,"QB",NA,"All",69,465,NA,NA,NA,NA,NA,NA,NA,NA,NA,NA,NA,NA,NA,NA,NA,NA,NA,NA,NA,NA,NA,NA,NA
