"name","pos","name_cbs","team_cbs","positionRank","overallRank","points","passAtt","passComp","passYds","passTds","passInt","rushAtt","rushYds","rushTds","rec","recYds","recTds","fumbles","dstYdsAllowed","dstSack","dstSafety","dstInt","dstFumlRec","dstFumlForce","dstTd","fg","fgAtt","xp","sourceName"
"BRYCEPETTY","QB","Bryce Petty","NYJ",1,1,"0",0,0,0,0,0,0,0,0,NA,NA,NA,0,NA,NA,NA,NA,NA,NA,NA,NA,NA,NA,"cbs"
"DEREKANDERSON","QB","Derek Anderson","CAR",2,2,"0",0.2,0.1,1.5,0,0,0.1,0.2,0,NA,NA,NA,0,NA,NA,NA,NA,NA,NA,NA,NA,NA,NA,"cbs"
"GENOSMITH","QB","Geno Smith","NYJ",3,3,"0",0.7,0.4,4.8,0,0,0.2,0.8,0,NA,NA,NA,0,NA,NA,NA,NA,NA,NA,NA,NA,NA,NA,"cbs"
"AUSTINDAVIS","QB","Austin Davis","CLE",4,4,"0",0,0,0,0,0,0,0,0,NA,NA,NA,0,NA,NA,NA,NA,NA,NA,NA,NA,NA,NA,"cbs"
"ANDYDALTON","QB","Andy Dalton","CIN",5,5,"0",33.1,19.7,258,2,1.2,4.5,12.7,0.3,NA,NA,NA,0.2,NA,NA,NA,NA,NA,NA,NA,NA,NA,NA,"cbs"
"RYANTANNEHILL","QB","Ryan Tannehill","MIA",6,6,"0",34.6,22.3,231,1.2,1.1,2.2,10.8,0,NA,NA,NA,0.2,NA,NA,NA,NA,NA,NA,NA,NA,NA,NA,"cbs"
"LANDRYJONES","QB","Landry Jones","PIT",7,7,"0",0.2,0.1,1.5,0,0,0,0,0,NA,NA,NA,0,NA,NA,NA,NA,NA,NA,NA,NA,NA,NA,"cbs"
"ROBERTGRIFFIN","QB","Robert Griffin III","WAS",8,8,"0",0.6,0.4,4.4,0,0,0.2,1,0,NA,NA,NA,0,NA,NA,NA,NA,NA,NA,NA,NA,NA,NA,"cbs"
"THADLEWIS","QB","Thad Lewis","PHI",9,9,"0",0,0,0,0,0,0,0,0,NA,NA,NA,0,NA,NA,NA,NA,NA,NA,NA,NA,NA,NA,"cbs"
"TREVORSIEMIAN","QB","Trevor Siemian","DEN",10,10,"0",0,0,0,0,0,0,0,0,NA,NA,NA,0,NA,NA,NA,NA,NA,NA,NA,NA,NA,NA,"cbs"
"TYRODTAYLOR","QB","Tyrod Taylor","BUF",11,11,"0",32.5,20.7,235,1.6,0.8,6.3,38.8,0.3,NA,NA,NA,0.2,NA,NA,NA,NA,NA,NA,NA,NA,NA,NA,"cbs"
"DREWBREES","QB","Drew Brees","NO",12,12,"0",39.8,27.6,324,2,1,1.6,2,0.1,NA,NA,NA,0.2,NA,NA,NA,NA,NA,NA,NA,NA,NA,NA,"cbs"
"RYANNASSIB","QB","Ryan Nassib","NYG",13,13,"0",0,0,0.4,0,0,0,0,0,NA,NA,NA,0,NA,NA,NA,NA,NA,NA,NA,NA,NA,NA,"cbs"
"PHILIPRIVERS","QB","Philip Rivers","SD",14,14,"0",37.4,25.6,299,2.2,1.2,1.2,2.9,0,NA,NA,NA,0.2,NA,NA,NA,NA,NA,NA,NA,NA,NA,NA,"cbs"
"SEANRENFREE","QB","Sean Renfree","ATL",15,15,"0",0,0,0.3,0,0,0,0,0,NA,NA,NA,0,NA,NA,NA,NA,NA,NA,NA,NA,NA,NA,"cbs"
"JAMEISWINSTON","QB","Jameis Winston","TB",16,16,"0",31.1,18.6,240,1.4,1.4,2.9,10.9,0.2,NA,NA,NA,0.2,NA,NA,NA,NA,NA,NA,NA,NA,NA,NA,"cbs"
"PEYTONMANNING","QB","Peyton Manning","DEN",17,17,"0",39.9,24.9,293,1.7,1.4,1.1,2.2,0,NA,NA,NA,0.2,NA,NA,NA,NA,NA,NA,NA,NA,NA,NA,"cbs"
"MIKEGLENNON","QB","Mike Glennon","TB",18,18,"0",0.6,0.4,4.8,0,0,0.1,0.3,0,NA,NA,NA,0,NA,NA,NA,NA,NA,NA,NA,NA,NA,NA,"cbs"
"BRANDONWEEDEN","QB","Brandon Weeden","DAL",19,19,"0",0.4,0.3,3,0,0,0.1,0.4,0,NA,NA,NA,0,NA,NA,NA,NA,NA,NA,NA,NA,NA,NA,"cbs"
"ELIMANNING","QB","Eli Manning","NYG",20,20,"0",37.2,26.3,286,1.9,0.7,1.2,4.2,0,NA,NA,NA,0.3,NA,NA,NA,NA,NA,NA,NA,NA,NA,NA,"cbs"
"JIMMYGAROPPOLO","QB","Jimmy Garoppolo","NE",21,21,"0",0,0,0.3,0,0,0.1,0,0,NA,NA,NA,0,NA,NA,NA,NA,NA,NA,NA,NA,NA,NA,"cbs"
"SEANMANNION","QB","Sean Mannion","STL",22,22,"0",0,0,0,0,0,0,0,0,NA,NA,NA,0,NA,NA,NA,NA,NA,NA,NA,NA,NA,NA,"cbs"
"DAVIDFALES","QB","David Fales","CHI",23,23,"0",0,0,0,0,0,0,0,0,NA,NA,NA,0,NA,NA,NA,NA,NA,NA,NA,NA,NA,NA,"cbs"
"TOMBRADY","QB","Tom Brady","NE",24,24,"0",41.3,28.1,352,2.9,0.4,2.6,2.9,0.2,NA,NA,NA,0.2,NA,NA,NA,NA,NA,NA,NA,NA,NA,NA,"cbs"
"JAYCUTLER","QB","Jay Cutler","CHI",25,25,"0",36.2,23.5,253,1.4,0.9,2.4,16.3,0.1,NA,NA,NA,0.2,NA,NA,NA,NA,NA,NA,NA,NA,NA,NA,"cbs"
"CAMNEWTON","QB","Cam Newton","CAR",26,26,"0",31.1,16.7,221,1.3,1.4,8.1,43.8,0.4,NA,NA,NA,0.2,NA,NA,NA,NA,NA,NA,NA,NA,NA,NA,"cbs"
"CHARLIEWHITEHURST","QB","Charlie Whitehurst","TEN",27,27,"0",0,0,0,0,0,0,0,0,NA,NA,NA,0,NA,NA,NA,NA,NA,NA,NA,NA,NA,NA,"cbs"
"CHADHENNE","QB","Chad Henne","JAC",28,28,"0",0.6,0.3,3.7,0,0,0.1,0.2,0,NA,NA,NA,0,NA,NA,NA,NA,NA,NA,NA,NA,NA,NA,"cbs"
"JOEWEBB","QB","Joe Webb","CAR",29,29,"0",0,0,0,0,0,0,0,0,NA,NA,NA,0,NA,NA,NA,NA,NA,NA,NA,NA,NA,NA,"cbs"
"MATTHASSELBECK","QB","Matt Hasselbeck","IND",30,30,"0",0.5,0.3,2.9,0,0,0.1,0,0,NA,NA,NA,0,NA,NA,NA,NA,NA,NA,NA,NA,NA,NA,"cbs"
"SCOTTTOLZIEN","QB","Scott Tolzien","GB",31,31,"0",0.2,0.1,1.3,0,0,0,0.4,0,NA,NA,NA,0,NA,NA,NA,NA,NA,NA,NA,NA,NA,NA,"cbs"
"AARONRODGERS","QB","Aaron Rodgers","GB",32,32,"0",31.2,20.7,208,1.5,0.7,3.6,22.8,0,NA,NA,NA,0.2,NA,NA,NA,NA,NA,NA,NA,NA,NA,NA,"cbs"
"BENROETHLISBERGER","QB","Ben Roethlisberger","PIT",33,33,"0",34.2,22.6,267,1.9,0.7,1.2,2.6,0,NA,NA,NA,0.2,NA,NA,NA,NA,NA,NA,NA,NA,NA,NA,"cbs"
"NICKFOLES","QB","Nick Foles","STL",34,34,"0",28.9,18.3,196,1,1,2.2,6.4,0.1,NA,NA,NA,0.2,NA,NA,NA,NA,NA,NA,NA,NA,NA,NA,"cbs"
"KELLENCLEMENS","QB","Kellen Clemens","SD",35,35,"0",0.4,0.3,3.4,0,0,0.1,0.2,0,NA,NA,NA,0,NA,NA,NA,NA,NA,NA,NA,NA,NA,NA,"cbs"
"STEPHENMORRIS","QB","Stephen Morris","PHI",36,36,"0",0,0,0,0,0,0,0,0,NA,NA,NA,0,NA,NA,NA,NA,NA,NA,NA,NA,NA,NA,"cbs"
"MIKEVICK","QB","Mike Vick","PIT",37,37,"0",0,0,0,0,0,0,0,0,NA,NA,NA,0,NA,NA,NA,NA,NA,NA,NA,NA,NA,NA,"cbs"
"JIMMYCLAUSEN","QB","Jimmy Clausen","CHI",38,38,"0",0.4,0.2,2,0,0,0.1,0.2,0,NA,NA,NA,0,NA,NA,NA,NA,NA,NA,NA,NA,NA,NA,"cbs"
"BRETTHUNDLEY","QB","Brett Hundley","GB",39,39,"0",0,0,0,0,0,0,0,0,NA,NA,NA,0,NA,NA,NA,NA,NA,NA,NA,NA,NA,NA,"cbs"
"SAMBRADFORD","QB","Sam Bradford","PHI",40,40,"0",39.7,25.8,288,1.6,0.9,2.4,6.2,0,NA,NA,NA,0.3,NA,NA,NA,NA,NA,NA,NA,NA,NA,NA,"cbs"
"LOGANTHOMAS","QB","Logan Thomas","MIA",41,41,"0",0,0,0,0,0,0,0,0,NA,NA,NA,0,NA,NA,NA,NA,NA,NA,NA,NA,NA,NA,"cbs"
"GARRETTGRAYSON","QB","Garrett Grayson","NO",42,42,"0",0,0,0,0,0,0,0,0,NA,NA,NA,0,NA,NA,NA,NA,NA,NA,NA,NA,NA,NA,"cbs"
"JOHNNYMANZIEL","QB","Johnny Manziel","CLE",43,43,"0",33.7,18.8,218,0.9,1.1,2.3,12.1,0.1,NA,NA,NA,0.2,NA,NA,NA,NA,NA,NA,NA,NA,NA,NA,"cbs"
"JOSHJOHNSON","QB","Josh Johnson","BUF",44,44,"0",0,0,0,0,0,0,0,0,NA,NA,NA,0,NA,NA,NA,NA,NA,NA,NA,NA,NA,NA,"cbs"
"EJMANUEL","QB","EJ Manuel","BUF",45,45,"0",0.6,0.4,4.2,0,0,0.2,0.7,0,NA,NA,NA,0,NA,NA,NA,NA,NA,NA,NA,NA,NA,NA,"cbs"
"MATTRYAN","QB","Matt Ryan","ATL",46,46,"0",41.4,28.8,328,1.5,1,1.6,5.7,0,NA,NA,NA,0.2,NA,NA,NA,NA,NA,NA,NA,NA,NA,NA,"cbs"
"TAYLORHEINICKE","QB","Taylor Heinicke","MIN",47,47,"0",0,0,0,0,0,0,0,0,NA,NA,NA,0,NA,NA,NA,NA,NA,NA,NA,NA,NA,NA,"cbs"
"TEDDYBRIDGEWATER","QB","Teddy Bridgewater","MIN",48,48,"0",30,21,224,1.3,0.9,3,11.6,0.1,NA,NA,NA,0.3,NA,NA,NA,NA,NA,NA,NA,NA,NA,NA,"cbs"
"LUKEMCCOWN","QB","Luke McCown","NO",49,49,"0",0.2,0.1,1.7,0,0,0,0,0,NA,NA,NA,0,NA,NA,NA,NA,NA,NA,NA,NA,NA,NA,"cbs"
"COLINKAEPERNICK","QB","Colin Kaepernick","SF",50,50,"0",0.7,0.4,4.7,0,0,0.2,1.3,0,NA,NA,NA,0,NA,NA,NA,NA,NA,NA,NA,NA,NA,NA,"cbs"
"RYANFITZPATRICK","QB","Ryan Fitzpatrick","NYJ",51,51,"0",32.6,20.3,235,1.8,1,4,18.8,0.2,NA,NA,NA,0.2,NA,NA,NA,NA,NA,NA,NA,NA,NA,NA,"cbs"
"CASEKEENUM","QB","Case Keenum","STL",52,52,"0",0.5,0.3,3.7,0,0,0.1,0.5,0,NA,NA,NA,0,NA,NA,NA,NA,NA,NA,NA,NA,NA,NA,"cbs"
"SHAUNHILL","QB","Shaun Hill","MIN",53,53,"0",0.5,0.3,3.4,0,0,0.1,0,0,NA,NA,NA,0,NA,NA,NA,NA,NA,NA,NA,NA,NA,NA,"cbs"
"COLTMCCOY","QB","Colt McCoy","WAS",54,54,"0",0,0,0,0,0,0,0,0,NA,NA,NA,0,NA,NA,NA,NA,NA,NA,NA,NA,NA,NA,"cbs"
"AJMCCARRON","QB","AJ McCarron","CIN",55,55,"0",0,0,0.3,0,0,0,0,0,NA,NA,NA,0,NA,NA,NA,NA,NA,NA,NA,NA,NA,NA,"cbs"
"ZACHMETTENBERGER","QB","Zach Mettenberger","TEN",56,56,"0",0.4,0.2,2.8,0,0,0.1,0,0,NA,NA,NA,0,NA,NA,NA,NA,NA,NA,NA,NA,NA,NA,"cbs"
"MATTMCGLOIN","QB","Matt McGloin","OAK",57,57,"0",0.6,0.4,4.1,0,0,0,0.1,0,NA,NA,NA,0,NA,NA,NA,NA,NA,NA,NA,NA,NA,NA,"cbs"
"DEREKCARR","QB","Derek Carr","OAK",58,58,"0",38.9,24.7,257,1.5,0.8,1.5,5.2,0,NA,NA,NA,0.2,NA,NA,NA,NA,NA,NA,NA,NA,NA,NA,"cbs"
"KELLENMOORE","QB","Kellen Moore","DAL",59,59,"0",0,0,0,0,0,0,0,0,NA,NA,NA,0,NA,NA,NA,NA,NA,NA,NA,NA,NA,NA,"cbs"
"KIRKCOUSINS","QB","Kirk Cousins","WAS",60,60,"0",34.1,21.3,233,0.9,1.6,1,2.6,0.2,NA,NA,NA,0.2,NA,NA,NA,NA,NA,NA,NA,NA,NA,NA,"cbs"
"MARKSANCHEZ","QB","Mark Sanchez","PHI",61,61,"0",0.8,0.5,5.5,0,0,0.1,0.4,0,NA,NA,NA,0,NA,NA,NA,NA,NA,NA,NA,NA,NA,NA,"cbs"
"BROCKOSWEILER","QB","Brock Osweiler","DEN",62,62,"0",0.1,0,0.5,0,0,0,0,0,NA,NA,NA,0,NA,NA,NA,NA,NA,NA,NA,NA,NA,NA,"cbs"
"RYANGRIFFIN","QB","Ryan Griffin","TB",63,63,"0",0,0,0,0,0,0,0,0,NA,NA,NA,0,NA,NA,NA,NA,NA,NA,NA,NA,NA,NA,"cbs"
"BLAINEGABBERT","QB","Blaine Gabbert","SF",64,64,"0",30.1,17.8,212,1.1,1,3,14.3,0,NA,NA,NA,0.2,NA,NA,NA,NA,NA,NA,NA,NA,NA,NA,"cbs"
"MATTMOORE","QB","Matt Moore","MIA",65,65,"0",0,0,0.3,0,0,0,0,0,NA,NA,NA,0,NA,NA,NA,NA,NA,NA,NA,NA,NA,NA,"cbs"
"ANDREWLUCK","QB","Andrew Luck","IND",66,66,"0",38.9,22.4,227,1.6,1.3,4,18.2,0.1,NA,NA,NA,0.3,NA,NA,NA,NA,NA,NA,NA,NA,NA,NA,"cbs"
"MATTCASSEL","QB","Matt Cassel","DAL",67,67,"0",28.4,17.1,203,1.2,1.6,2,10,0,NA,NA,NA,0.2,NA,NA,NA,NA,NA,NA,NA,NA,NA,NA,"cbs"
"BLAKEBORTLES","QB","Blake Bortles","JAC",68,68,"0",35,19.6,215,1.2,1.4,3.1,18.5,0,NA,NA,NA,0.1,NA,NA,NA,NA,NA,NA,NA,NA,NA,NA,"cbs"
"MARCUSMARIOTA","QB","Marcus Mariota","TEN",69,69,"0",26.9,17.3,221,1.3,0.8,2,20.1,0,NA,NA,NA,0.3,NA,NA,NA,NA,NA,NA,NA,NA,NA,NA,"cbs"
"JEREMYLANGFORD","RB","Jeremy Langford","CHI",1,70,"0",NA,NA,NA,NA,NA,14.2,70.1,0.5,2.6,18.1,0.1,0.1,NA,NA,NA,NA,NA,NA,NA,NA,NA,NA,"cbs"
"JONATHANSTEWART","RB","Jonathan Stewart","CAR",2,71,"0",NA,NA,NA,NA,NA,16.7,77.8,0.3,1.3,7.6,0,0.2,NA,NA,NA,NA,NA,NA,NA,NA,NA,NA,"cbs"
"ANTONIOANDREWS","RB","Antonio Andrews","TEN",3,72,"0",NA,NA,NA,NA,NA,13,65.3,0.4,1.5,16.5,0.1,0.1,NA,NA,NA,NA,NA,NA,NA,NA,NA,NA,"cbs"
"DEANGELOWILLIAMS","RB","DeAngelo Williams","PIT",4,73,"0",NA,NA,NA,NA,NA,16.8,68.8,0.4,1.8,15.3,0.1,0.1,NA,NA,NA,NA,NA,NA,NA,NA,NA,NA,"cbs"
"TERRANCEWEST","RB","Terrance West","TEN",5,74,"0",NA,NA,NA,NA,NA,0,0,0,0,0,0,0,NA,NA,NA,NA,NA,NA,NA,NA,NA,NA,"cbs"
"DEMARCOMURRAY","RB","DeMarco Murray","PHI",6,75,"0",NA,NA,NA,NA,NA,14.4,64.3,0.5,3.5,22.3,0.1,0.2,NA,NA,NA,NA,NA,NA,NA,NA,NA,NA,"cbs"
"STEVANRIDLEY","RB","Stevan Ridley","NYJ",7,76,"0",NA,NA,NA,NA,NA,3.2,12.5,0.3,0.6,4.5,0,0.4,NA,NA,NA,NA,NA,NA,NA,NA,NA,NA,"cbs"
"ANDREWILLIAMS","RB","Andre Williams","NYG",8,77,"0",NA,NA,NA,NA,NA,5.7,20,0.3,0.8,5.3,0,0.1,NA,NA,NA,NA,NA,NA,NA,NA,NA,NA,"cbs"
"CEDRICPEERMAN","RB","Cedric Peerman","CIN",9,78,"0",NA,NA,NA,NA,NA,0,0.1,0,0,0,0,0,NA,NA,NA,NA,NA,NA,NA,NA,NA,NA,"cbs"
"JORDANTODMAN","RB","Jordan Todman","PIT",10,79,"0",NA,NA,NA,NA,NA,7.1,26.6,0.2,1.1,7.9,0.1,0.1,NA,NA,NA,NA,NA,NA,NA,NA,NA,NA,"cbs"
"MIKEJAMES","RB","Mike James","TB",11,80,"0",NA,NA,NA,NA,NA,0.3,1.4,0,0,0.2,0,0,NA,NA,NA,NA,NA,NA,NA,NA,NA,NA,"cbs"
"RYANMATHEWS","RB","Ryan Mathews","PHI",12,81,"0",NA,NA,NA,NA,NA,6,30.2,0.3,3.1,25.6,0.2,0.3,NA,NA,NA,NA,NA,NA,NA,NA,NA,NA,"cbs"
"GIOVANIBERNARD","RB","Giovani Bernard","CIN",13,82,"0",NA,NA,NA,NA,NA,10.2,52.7,0.3,2.7,22.9,0.1,0.1,NA,NA,NA,NA,NA,NA,NA,NA,NA,NA,"cbs"
"JALSTONFOWLER","RB","Jalston Fowler","TEN",14,83,"0",NA,NA,NA,NA,NA,1.2,4.5,0.1,0.3,4.6,0,0,NA,NA,NA,NA,NA,NA,NA,NA,NA,NA,"cbs"
"DRIARCHER","RB","Dri Archer","PIT",15,84,"0",NA,NA,NA,NA,NA,0,0,0,0,0,0,0,NA,NA,NA,NA,NA,NA,NA,NA,NA,NA,"cbs"
"TEVINCOLEMAN","RB","Tevin Coleman","ATL",16,85,"0",NA,NA,NA,NA,NA,5.1,25.1,0.2,0.8,5.9,0,0.1,NA,NA,NA,NA,NA,NA,NA,NA,NA,NA,"cbs"
"REXBURKHEAD","RB","Rex Burkhead","CIN",17,86,"0",NA,NA,NA,NA,NA,0,0.1,0,0,0.5,0,0,NA,NA,NA,NA,NA,NA,NA,NA,NA,NA,"cbs"
"LESEANMCCOY","RB","LeSean McCoy","BUF",18,87,"0",NA,NA,NA,NA,NA,15.3,65,0.4,2.2,19.5,0.1,0.2,NA,NA,NA,NA,NA,NA,NA,NA,NA,NA,"cbs"
"CHASEREYNOLDS","RB","Chase Reynolds","STL",19,88,"0",NA,NA,NA,NA,NA,0,0,0,0,0,0,0,NA,NA,NA,NA,NA,NA,NA,NA,NA,NA,"cbs"
"DOUGMARTIN","RB","Doug Martin","TB",20,89,"0",NA,NA,NA,NA,NA,16.3,71.8,0.4,2,16.5,0.1,0.2,NA,NA,NA,NA,NA,NA,NA,NA,NA,NA,"cbs"
"WILLJOHNSON","RB","Will Johnson","PIT",21,90,"0",NA,NA,NA,NA,NA,0.7,1.2,0.4,0.5,3,0,0,NA,NA,NA,NA,NA,NA,NA,NA,NA,NA,"cbs"
"ZACHLINE","RB","Zach Line","MIN",22,91,"0",NA,NA,NA,NA,NA,1,2.7,0.2,0.7,10.5,0,0,NA,NA,NA,NA,NA,NA,NA,NA,NA,NA,"cbs"
"LATAVIUSMURRAY","RB","Latavius Murray","OAK",23,92,"0",NA,NA,NA,NA,NA,13.9,64.7,0.4,2.6,15.1,0,0.2,NA,NA,NA,NA,NA,NA,NA,NA,NA,NA,"cbs"
"CHRISTINEMICHAEL","RB","Christine Michael","DAL",24,93,"0",NA,NA,NA,NA,NA,9.2,34.5,0.2,1.1,7.5,0,0.1,NA,NA,NA,NA,NA,NA,NA,NA,NA,NA,"cbs"
"TIMHIGHTOWER","RB","Tim Hightower","NO",25,94,"0",NA,NA,NA,NA,NA,0,0,0,0,0,0,0,NA,NA,NA,NA,NA,NA,NA,NA,NA,NA,"cbs"
"BERNARDPIERCE","RB","Bernard Pierce","JAC",26,95,"0",NA,NA,NA,NA,NA,0.2,0.5,0,0,0.1,0,0,NA,NA,NA,NA,NA,NA,NA,NA,NA,NA,"cbs"
"EDDIELACY","RB","Eddie Lacy","GB",27,96,"0",NA,NA,NA,NA,NA,14.4,65.4,0.4,2.1,16,0.1,0.1,NA,NA,NA,NA,NA,NA,NA,NA,NA,NA,"cbs"
"ALONZOHARRIS","RB","Alonzo Harris","GB",28,97,"0",NA,NA,NA,NA,NA,0,0,0,0,0,0,0,NA,NA,NA,NA,NA,NA,NA,NA,NA,NA,"cbs"
"JAMESSTARKS","RB","James Starks","GB",29,98,"0",NA,NA,NA,NA,NA,7.8,37.3,0.1,1.5,8.7,0.1,0.1,NA,NA,NA,NA,NA,NA,NA,NA,NA,NA,"cbs"
"LAMARMILLER","RB","Lamar Miller","MIA",30,99,"0",NA,NA,NA,NA,NA,13.4,65.3,0.3,2.7,19.8,0.1,0.1,NA,NA,NA,NA,NA,NA,NA,NA,NA,NA,"cbs"
"TAIWANJONES","RB","Taiwan Jones","OAK",31,100,"0",NA,NA,NA,NA,NA,3.9,16.2,0.1,1.2,13.4,0.1,0.1,NA,NA,NA,NA,NA,NA,NA,NA,NA,NA,"cbs"
"DEVONTAFREEMAN","RB","Devonta Freeman","ATL",32,101,"0",NA,NA,NA,NA,NA,15.3,77,0.6,4.1,35.3,0.1,0.1,NA,NA,NA,NA,NA,NA,NA,NA,NA,NA,"cbs"
"MELVINGORDON","RB","Melvin Gordon","SD",33,102,"0",NA,NA,NA,NA,NA,14.9,62.9,0.3,2.1,11.2,0.1,0.3,NA,NA,NA,NA,NA,NA,NA,NA,NA,NA,"cbs"
"TOBYGERHART","RB","Toby Gerhart","JAC",34,103,"0",NA,NA,NA,NA,NA,2.7,8.6,0.1,0.8,5.7,0,0.1,NA,NA,NA,NA,NA,NA,NA,NA,NA,NA,"cbs"
"TOMMYBOHANON","RB","Tommy Bohanon","NYJ",35,104,"0",NA,NA,NA,NA,NA,1,2.5,0,1,10.8,0,0,NA,NA,NA,NA,NA,NA,NA,NA,NA,NA,"cbs"
"MIKETOLBERT","RB","Mike Tolbert","CAR",36,105,"0",NA,NA,NA,NA,NA,3.9,16.4,0.1,1.2,11.4,0.1,0,NA,NA,NA,NA,NA,NA,NA,NA,NA,NA,"cbs"
"JEREMYHILL","RB","Jeremy Hill","CIN",37,106,"0",NA,NA,NA,NA,NA,16,73.5,0.8,1.1,8.4,0.1,0.3,NA,NA,NA,NA,NA,NA,NA,NA,NA,NA,"cbs"
"SHANEVEREEN","RB","Shane Vereen","NYG",38,107,"0",NA,NA,NA,NA,NA,4,15.3,0.1,4.1,37.6,0.2,0.1,NA,NA,NA,NA,NA,NA,NA,NA,NA,NA,"cbs"
"RODSMITH","RB","Rod Smith","DAL",39,108,"0",NA,NA,NA,NA,NA,0,0,0,0,0,0,0,NA,NA,NA,NA,NA,NA,NA,NA,NA,NA,"cbs"
"DEXTERMCCLUSTER","RB","Dexter McCluster","TEN",40,109,"0",NA,NA,NA,NA,NA,4.5,20.9,0.1,2.4,22.5,0.1,0.1,NA,NA,NA,NA,NA,NA,NA,NA,NA,NA,"cbs"
"ISAIAHPEAD","RB","Isaiah Pead","PIT",41,110,"0",NA,NA,NA,NA,NA,0.1,0.2,0,0.1,0.3,0,0,NA,NA,NA,NA,NA,NA,NA,NA,NA,NA,"cbs"
"PIERRETHOMAS","RB","Pierre Thomas","SF",42,111,"0",NA,NA,NA,NA,NA,6.2,25.8,0.1,2.6,20,0.1,0.1,NA,NA,NA,NA,NA,NA,NA,NA,NA,NA,"cbs"
"JAMIZEOLAWALE","RB","Jamize Olawale","OAK",43,112,"0",NA,NA,NA,NA,NA,0.1,0.1,0,0,0.1,0,0,NA,NA,NA,NA,NA,NA,NA,NA,NA,NA,"cbs"
"MATTASIATA","RB","Matt Asiata","MIN",44,113,"0",NA,NA,NA,NA,NA,1.5,6.2,0.1,1.3,7.1,0,0.1,NA,NA,NA,NA,NA,NA,NA,NA,NA,NA,"cbs"
"JAMESWHITE","RB","James White","NE",45,114,"0",NA,NA,NA,NA,NA,0.2,0.6,0,0.1,0.7,0,0,NA,NA,NA,NA,NA,NA,NA,NA,NA,NA,"cbs"
"AHMADBRADSHAW","RB","Ahmad Bradshaw","IND",46,115,"0",NA,NA,NA,NA,NA,4.8,16.2,0.2,1.1,7.3,0.1,0.1,NA,NA,NA,NA,NA,NA,NA,NA,NA,NA,"cbs"
"JARRYDHAYNE","RB","Jarryd Hayne","SF",47,116,"0",NA,NA,NA,NA,NA,2.2,9.6,0.1,0.4,3.4,0,0.2,NA,NA,NA,NA,NA,NA,NA,NA,NA,NA,"cbs"
"DANHERRON","RB","Dan Herron","BUF",48,117,"0",NA,NA,NA,NA,NA,0,0,0,0,0,0,0,NA,NA,NA,NA,NA,NA,NA,NA,NA,NA,"cbs"
"MARKINGRAM","RB","Mark Ingram","NO",49,118,"0",NA,NA,NA,NA,NA,15.9,72.3,0.6,3.1,25.8,0.1,0.1,NA,NA,NA,NA,NA,NA,NA,NA,NA,NA,"cbs"
"KADEEMCAREY","RB","Ka'Deem Carey","CHI",50,119,"0",NA,NA,NA,NA,NA,3,13.9,0.1,0.9,6.5,0,0.1,NA,NA,NA,NA,NA,NA,NA,NA,NA,NA,"cbs"
"LAMICHAELJAMES","RB","LaMichael James","MIA",51,120,"0",NA,NA,NA,NA,NA,0,0,0,0,0,0,0,NA,NA,NA,NA,NA,NA,NA,NA,NA,NA,"cbs"
"BRUCEMILLER","RB","Bruce Miller","SF",52,121,"0",NA,NA,NA,NA,NA,0.2,0.4,0,1.5,20.8,0,0,NA,NA,NA,NA,NA,NA,NA,NA,NA,NA,"cbs"
"NIKITAWHITLOCK","RB","Nikita Whitlock","NYG",53,122,"0",NA,NA,NA,NA,NA,0,0,0,0,0.1,0,0,NA,NA,NA,NA,NA,NA,NA,NA,NA,NA,"cbs"
"BOBBYRAINEY","RB","Bobby Rainey","TB",54,123,"0",NA,NA,NA,NA,NA,0.3,1.3,0,0.1,0.4,0,0,NA,NA,NA,NA,NA,NA,NA,NA,NA,NA,"cbs"
"MARCUSMURPHY","RB","Marcus Murphy","NO",55,124,"0",NA,NA,NA,NA,NA,0,0,0,0,0,0,0,NA,NA,NA,NA,NA,NA,NA,NA,NA,NA,"cbs"
"JERICKMCKINNON","RB","Jerick McKinnon","MIN",56,125,"0",NA,NA,NA,NA,NA,1.5,6.3,0.1,0.5,3.4,0,0.1,NA,NA,NA,NA,NA,NA,NA,NA,NA,NA,"cbs"
"ZACSTACY","RB","Zac Stacy","NYJ",57,126,"0",NA,NA,NA,NA,NA,5.5,18.6,0.4,1.7,11.2,0.1,0.1,NA,NA,NA,NA,NA,NA,NA,NA,NA,NA,"cbs"
"DAMIENWILLIAMS","RB","Damien Williams","MIA",58,127,"0",NA,NA,NA,NA,NA,3.3,14,0.1,1.3,6.9,0.1,0.2,NA,NA,NA,NA,NA,NA,NA,NA,NA,NA,"cbs"
"JOHNKUHN","RB","John Kuhn","GB",59,128,"0",NA,NA,NA,NA,NA,1.1,3.6,0.2,0.8,4.7,0,0,NA,NA,NA,NA,NA,NA,NA,NA,NA,NA,"cbs"
"AUSTINJOHNSON","RB","Austin Johnson","NO",60,129,"0",NA,NA,NA,NA,NA,1.3,3.5,0.2,0.6,2,0.1,0,NA,NA,NA,NA,NA,NA,NA,NA,NA,NA,"cbs"
"ALFREDMORRIS","RB","Alfred Morris","WAS",61,130,"0",NA,NA,NA,NA,NA,12.3,47.9,0.2,1.1,7.1,0,0.1,NA,NA,NA,NA,NA,NA,NA,NA,NA,NA,"cbs"
"DIONLEWIS","RB","Dion Lewis","NE",62,131,"0",NA,NA,NA,NA,NA,10,44,0.5,4.8,51.5,0.3,0.3,NA,NA,NA,NA,NA,NA,NA,NA,NA,NA,"cbs"
"RASHADJENNINGS","RB","Rashad Jennings","NYG",63,132,"0",NA,NA,NA,NA,NA,9.6,35.6,0.2,2.5,22.2,0.1,0.2,NA,NA,NA,NA,NA,NA,NA,NA,NA,NA,"cbs"
"ANTONESMITH","RB","Antone Smith","CHI",64,133,"0",NA,NA,NA,NA,NA,3,13.9,0.1,0.9,6.5,0.1,0.1,NA,NA,NA,NA,NA,NA,NA,NA,NA,NA,"cbs"
"ISAIAHCROWELL","RB","Isaiah Crowell","CLE",65,134,"0",NA,NA,NA,NA,NA,9.5,41.4,0.2,0.9,11.1,0.1,0.1,NA,NA,NA,NA,NA,NA,NA,NA,NA,NA,"cbs"
"TODDGURLEY","RB","Todd Gurley","STL",66,135,"0",NA,NA,NA,NA,NA,16.6,88.6,0.4,2,13.4,0,0.1,NA,NA,NA,NA,NA,NA,NA,NA,NA,NA,"cbs"
"JOEBANYARD","RB","Joe Banyard","JAC",67,136,"0",NA,NA,NA,NA,NA,0,0,0,0,0,0,0,NA,NA,NA,NA,NA,NA,NA,NA,NA,NA,"cbs"
"CJANDERSON","RB","C.J. Anderson","DEN",68,137,"0",NA,NA,NA,NA,NA,10.8,45.7,0.2,2.1,17.7,0,0.1,NA,NA,NA,NA,NA,NA,NA,NA,NA,NA,"cbs"
"JAYAJAYI","RB","Jay Ajayi","MIA",69,138,"0",NA,NA,NA,NA,NA,2.8,13.2,0.1,0.7,5.2,0,0.1,NA,NA,NA,NA,NA,NA,NA,NA,NA,NA,"cbs"
"DARRENSPROLES","RB","Darren Sproles","PHI",70,139,"0",NA,NA,NA,NA,NA,5,21,0.2,3.6,29.6,0,0.1,NA,NA,NA,NA,NA,NA,NA,NA,NA,NA,"cbs"
"CHRISIVORY","RB","Chris Ivory","NYJ",71,140,"0",NA,NA,NA,NA,NA,15.6,65.6,0.6,1.4,11.4,0.1,0.1,NA,NA,NA,NA,NA,NA,NA,NA,NA,NA,"cbs"
"RONNIEHILLMAN","RB","Ronnie Hillman","DEN",72,141,"0",NA,NA,NA,NA,NA,14.9,65.7,0.5,1.4,10.2,0.1,0.1,NA,NA,NA,NA,NA,NA,NA,NA,NA,NA,"cbs"
"CJSPILLER","RB","C.J. Spiller","NO",73,142,"0",NA,NA,NA,NA,NA,7.5,35.4,0.2,3.4,28.1,0.3,0.1,NA,NA,NA,NA,NA,NA,NA,NA,NA,NA,"cbs"
"KENDALLGASKINS","RB","Kendall Gaskins","SF",74,143,"0",NA,NA,NA,NA,NA,11.7,45,0.3,2,17.4,0.1,0.1,NA,NA,NA,NA,NA,NA,NA,NA,NA,NA,"cbs"
"ORLEANSDARKWA","RB","Orleans Darkwa","NYG",75,144,"0",NA,NA,NA,NA,NA,4,13.3,0.2,1.3,8.5,0.1,0.1,NA,NA,NA,NA,NA,NA,NA,NA,NA,NA,"cbs"
"PATRICKDIMARCO","RB","Patrick DiMarco","ATL",76,145,"0",NA,NA,NA,NA,NA,0,0,0,1,8.6,0,0,NA,NA,NA,NA,NA,NA,NA,NA,NA,NA,"cbs"
"LEGARRETTEBLOUNT","RB","LeGarrette Blount","NE",77,146,"0",NA,NA,NA,NA,NA,14.9,64.7,0.8,1.6,12,0.1,0.1,NA,NA,NA,NA,NA,NA,NA,NA,NA,NA,"cbs"
"MATTJONES","RB","Matt Jones","WAS",78,147,"0",NA,NA,NA,NA,NA,8.9,36.8,0.3,1,7.9,0,0.3,NA,NA,NA,NA,NA,NA,NA,NA,NA,NA,"cbs"
"ROYHELU","RB","Roy Helu","OAK",79,148,"0",NA,NA,NA,NA,NA,3.9,16.2,0.1,2.3,18.3,0.1,0.1,NA,NA,NA,NA,NA,NA,NA,NA,NA,NA,"cbs"
"TRAVARISCADET","RB","Travaris Cadet","NE",80,149,"0",NA,NA,NA,NA,NA,0,0,0,0,0,0,0,NA,NA,NA,NA,NA,NA,NA,NA,NA,NA,"cbs"
"TREMASON","RB","Tre Mason","STL",81,150,"0",NA,NA,NA,NA,NA,2.6,9.3,0.1,0.7,5.7,0,0.1,NA,NA,NA,NA,NA,NA,NA,NA,NA,NA,"cbs"
"FRANKGORE","RB","Frank Gore","IND",82,151,"0",NA,NA,NA,NA,NA,15,49.8,0.4,2,12.1,0.1,0.3,NA,NA,NA,NA,NA,NA,NA,NA,NA,NA,"cbs"
"JOSHROBINSON","RB","Josh Robinson","IND",83,152,"0",NA,NA,NA,NA,NA,0.1,0.2,0,0,0.2,0,0,NA,NA,NA,NA,NA,NA,NA,NA,NA,NA,"cbs"
"TERRONWARD","RB","Terron Ward","ATL",84,153,"0",NA,NA,NA,NA,NA,0.2,0.7,0,0.1,0.5,0,0,NA,NA,NA,NA,NA,NA,NA,NA,NA,NA,"cbs"
"ROOSEVELTNIX","RB","Roosevelt Nix","PIT",85,154,"0",NA,NA,NA,NA,NA,0,0.1,0,0,0.1,0,0,NA,NA,NA,NA,NA,NA,NA,NA,NA,NA,"cbs"
"TYLERCLUTTS","RB","Tyler Clutts","DAL",86,155,"0",NA,NA,NA,NA,NA,0.3,1.3,0,0.7,2.9,0.1,0.1,NA,NA,NA,NA,NA,NA,NA,NA,NA,NA,"cbs"
"DANNYWOODHEAD","RB","Danny Woodhead","SD",87,156,"0",NA,NA,NA,NA,NA,5.5,23,0.3,4.3,44.3,0.3,0.1,NA,NA,NA,NA,NA,NA,NA,NA,NA,NA,"cbs"
"SHAUNDRAUGHN","RB","Shaun Draughn","SF",88,157,"0",NA,NA,NA,NA,NA,6.9,27.2,0.1,2,16.2,0.1,0.1,NA,NA,NA,NA,NA,NA,NA,NA,NA,NA,"cbs"
"ADRIANPETERSON","RB","Adrian Peterson","MIN",89,158,"0",NA,NA,NA,NA,NA,18.9,81,0.5,2.4,15.7,0,0.3,NA,NA,NA,NA,NA,NA,NA,NA,NA,NA,"cbs"
"DARRELYOUNG","RB","Darrel Young","WAS",90,159,"0",NA,NA,NA,NA,NA,0.7,1.7,0.1,0.4,4.1,0.1,0,NA,NA,NA,NA,NA,NA,NA,NA,NA,NA,"cbs"
"JORVORSKIELANE","RB","Jorvorskie Lane","TB",91,160,"0",NA,NA,NA,NA,NA,0,0.2,0,0,0.1,0,0,NA,NA,NA,NA,NA,NA,NA,NA,NA,NA,"cbs"
"KENJONBARNER","RB","Kenjon Barner","PHI",92,161,"0",NA,NA,NA,NA,NA,0.1,0.5,0,0,0.2,0,0,NA,NA,NA,NA,NA,NA,NA,NA,NA,NA,"cbs"
"FOZZYWHITTAKER","RB","Fozzy Whittaker","CAR",93,162,"0",NA,NA,NA,NA,NA,2.8,12.1,0.1,0.8,7.2,0,0.1,NA,NA,NA,NA,NA,NA,NA,NA,NA,NA,"cbs"
"MARCELREECE","RB","Marcel Reece","OAK",94,163,"0",NA,NA,NA,NA,NA,1.1,5.1,0,2.8,25.1,0.2,0,NA,NA,NA,NA,NA,NA,NA,NA,NA,NA,"cbs"
"DARRENMCFADDEN","RB","Darren McFadden","DAL",95,164,"0",NA,NA,NA,NA,NA,15,59.5,0.4,1.8,14.8,0,0.1,NA,NA,NA,NA,NA,NA,NA,NA,NA,NA,"cbs"
"FITZGERALDTOUSSAINT","RB","Fitzgerald Toussaint","PIT",96,165,"0",NA,NA,NA,NA,NA,0,0,0,0,0,0,0,NA,NA,NA,NA,NA,NA,NA,NA,NA,NA,"cbs"
"CHARLESSIMS","RB","Charles Sims","TB",97,166,"0",NA,NA,NA,NA,NA,6.8,27.9,0.1,2.8,32.9,0.2,0.2,NA,NA,NA,NA,NA,NA,NA,NA,NA,NA,"cbs"
"ANTHONYDIXON","RB","Anthony Dixon","BUF",98,167,"0",NA,NA,NA,NA,NA,2.5,10.2,0.1,0.8,5.4,0,0.1,NA,NA,NA,NA,NA,NA,NA,NA,NA,NA,"cbs"
"CAMERONARTISPAYNE","RB","Cameron Artis-Payne","CAR",99,168,"0",NA,NA,NA,NA,NA,0.2,0.9,0,0,0.2,0,0,NA,NA,NA,NA,NA,NA,NA,NA,NA,NA,"cbs"
"CHRISTHOMPSON","RB","Chris Thompson","WAS",100,169,"0",NA,NA,NA,NA,NA,2.7,10.8,0.1,2.8,20.7,0.2,0.1,NA,NA,NA,NA,NA,NA,NA,NA,NA,NA,"cbs"
"JONASGRAY","RB","Jonas Gray","MIA",101,170,"0",NA,NA,NA,NA,NA,0.1,0.5,0,0,0.3,0,0,NA,NA,NA,NA,NA,NA,NA,NA,NA,NA,"cbs"
"BRANDONBOLDEN","RB","Brandon Bolden","NE",102,171,"0",NA,NA,NA,NA,NA,0.2,0.6,0,0,0.3,0,0,NA,NA,NA,NA,NA,NA,NA,NA,NA,NA,"cbs"
"JUWANTHOMPSON","RB","Juwan Thompson","DEN",103,172,"0",NA,NA,NA,NA,NA,0.1,0.6,0,0,0.1,0,0,NA,NA,NA,NA,NA,NA,NA,NA,NA,NA,"cbs"
"AARONRIPKOWSKI","RB","Aaron Ripkowski","GB",104,173,"0",NA,NA,NA,NA,NA,0,0.1,0,0,0.1,0,0,NA,NA,NA,NA,NA,NA,NA,NA,NA,NA,"cbs"
"DONALDBROWN","RB","Donald Brown","SD",105,174,"0",NA,NA,NA,NA,NA,2.1,9,0.2,1.1,8.8,0.1,0.1,NA,NA,NA,NA,NA,NA,NA,NA,NA,NA,"cbs"
"ROBERTTURBIN","RB","Robert Turbin","CLE",106,175,"0",NA,NA,NA,NA,NA,4.5,18.1,0.1,0.9,6.5,0,0.1,NA,NA,NA,NA,NA,NA,NA,NA,NA,NA,"cbs"
"TJYELDON","RB","T.J. Yeldon","JAC",107,176,"0",NA,NA,NA,NA,NA,12.2,45.7,0.4,2.4,12.5,0.1,0.1,NA,NA,NA,NA,NA,NA,NA,NA,NA,NA,"cbs"
"MARCUSTHIGPEN","RB","Marcus Thigpen","OAK",108,177,"0",NA,NA,NA,NA,NA,0,0,0,0,0,0,0,NA,NA,NA,NA,NA,NA,NA,NA,NA,NA,"cbs"
"DENARDROBINSON","RB","Denard Robinson","JAC",109,178,"0",NA,NA,NA,NA,NA,4.2,15.3,0.1,1.1,8.1,0,0.2,NA,NA,NA,NA,NA,NA,NA,NA,NA,NA,"cbs"
"KARLOSWILLIAMS","RB","Karlos Williams","BUF",110,179,"0",NA,NA,NA,NA,NA,9.1,41.5,0.5,1.5,12.2,0.1,0.1,NA,NA,NA,NA,NA,NA,NA,NA,NA,NA,"cbs"
"BISHOPSANKEY","RB","Bishop Sankey","TEN",111,180,"0",NA,NA,NA,NA,NA,5.5,27.7,0.1,1,9.1,0.1,0.2,NA,NA,NA,NA,NA,NA,NA,NA,NA,NA,"cbs"
"DUKEJOHNSON","RB","Duke Johnson","CLE",112,181,"0",NA,NA,NA,NA,NA,6.5,27.4,0.1,3.2,31.5,0.1,0.1,NA,NA,NA,NA,NA,NA,NA,NA,NA,NA,"cbs"
"JEROMEFELTON","RB","Jerome Felton","BUF",113,182,"0",NA,NA,NA,NA,NA,0.7,2.7,0,0.5,3.5,0,0,NA,NA,NA,NA,NA,NA,NA,NA,NA,NA,"cbs"
"BENNYCUNNINGHAM","RB","Benny Cunningham","STL",114,183,"0",NA,NA,NA,NA,NA,2,9,0.1,1.7,15,0,0.1,NA,NA,NA,NA,NA,NA,NA,NA,NA,NA,"cbs"
"DEANDREWWHITE","WR","DeAndrew White","SF",1,184,"0",NA,NA,NA,NA,NA,NA,NA,NA,0,0,0,0,NA,NA,NA,NA,NA,NA,NA,NA,NA,NA,"cbs"
"STEFONDIGGS","WR","Stefon Diggs","MIN",2,185,"0",NA,NA,NA,NA,NA,NA,NA,NA,4.7,58.8,0.4,0,NA,NA,NA,NA,NA,NA,NA,NA,NA,NA,"cbs"
"MARQUESSWILSON","WR","Marquess Wilson","CHI",3,186,"0",NA,NA,NA,NA,NA,NA,NA,NA,3,44.7,0.2,0,NA,NA,NA,NA,NA,NA,NA,NA,NA,NA,"cbs"
"MARKUSWHEATON","WR","Markus Wheaton","PIT",4,187,"0",NA,NA,NA,NA,NA,NA,NA,NA,2.1,31.8,0.1,0,NA,NA,NA,NA,NA,NA,NA,NA,NA,NA,"cbs"
"KENBRELLTHOMPKINS","WR","Kenbrell Thompkins","NYJ",5,188,"0",NA,NA,NA,NA,NA,NA,NA,NA,1.1,13.9,0.1,0,NA,NA,NA,NA,NA,NA,NA,NA,NA,NA,"cbs"
"ANDREJOHNSON","WR","Andre Johnson","IND",6,189,"0",NA,NA,NA,NA,NA,NA,NA,NA,3.7,39.8,0.3,0.1,NA,NA,NA,NA,NA,NA,NA,NA,NA,NA,"cbs"
"CHRISOWUSU","WR","Chris Owusu","NYJ",7,190,"0",NA,NA,NA,NA,NA,NA,NA,NA,0.1,1.1,0,0,NA,NA,NA,NA,NA,NA,NA,NA,NA,NA,"cbs"
"DWAYNEBOWE","WR","Dwayne Bowe","CLE",8,191,"0",NA,NA,NA,NA,NA,NA,NA,NA,0.1,1.9,0,0,NA,NA,NA,NA,NA,NA,NA,NA,NA,NA,"cbs"
"TERRELLEPRYOR","WR","Terrelle Pryor","CLE",9,192,"0",NA,NA,NA,NA,NA,NA,NA,NA,0,0,0,0,NA,NA,NA,NA,NA,NA,NA,NA,NA,NA,"cbs"
"MICHAELCRABTREE","WR","Michael Crabtree","OAK",10,193,"0",NA,NA,NA,NA,NA,NA,NA,NA,5.2,56.2,0.2,0,NA,NA,NA,NA,NA,NA,NA,NA,NA,NA,"cbs"
"CORDARRELLEPATTERSON","WR","Cordarrelle Patterson","MIN",11,194,"0",NA,NA,NA,NA,NA,NA,NA,NA,0.1,0.9,0,0,NA,NA,NA,NA,NA,NA,NA,NA,NA,NA,"cbs"
"DESEANJACKSON","WR","DeSean Jackson","WAS",12,195,"0",NA,NA,NA,NA,NA,NA,NA,NA,2.5,33.5,0.2,0,NA,NA,NA,NA,NA,NA,NA,NA,NA,NA,"cbs"
"JERRICHOCOTCHERY","WR","Jerricho Cotchery","CAR",13,196,"0",NA,NA,NA,NA,NA,NA,NA,NA,2.2,29.3,0.2,0,NA,NA,NA,NA,NA,NA,NA,NA,NA,NA,"cbs"
"TONYLIPPETT","WR","Tony Lippett","MIA",14,197,"0",NA,NA,NA,NA,NA,NA,NA,NA,0,0,0,0,NA,NA,NA,NA,NA,NA,NA,NA,NA,NA,"cbs"
"MARIOALFORD","WR","Mario Alford","CIN",15,198,"0",NA,NA,NA,NA,NA,NA,NA,NA,0,0,0,0,NA,NA,NA,NA,NA,NA,NA,NA,NA,NA,"cbs"
"MARCUSEASLEY","WR","Marcus Easley","BUF",16,199,"0",NA,NA,NA,NA,NA,NA,NA,NA,0.6,6.8,0,0,NA,NA,NA,NA,NA,NA,NA,NA,NA,NA,"cbs"
"JEROMESIMPSON","WR","Jerome Simpson","SF",17,200,"0",NA,NA,NA,NA,NA,NA,NA,NA,1.4,32.6,0,0,NA,NA,NA,NA,NA,NA,NA,NA,NA,NA,"cbs"
"PIERREGARCON","WR","Pierre Garcon","WAS",18,201,"0",NA,NA,NA,NA,NA,NA,NA,NA,4.8,53.1,0.3,0,NA,NA,NA,NA,NA,NA,NA,NA,NA,NA,"cbs"
"RUEBENRANDLE","WR","Rueben Randle","NYG",19,202,"0",NA,NA,NA,NA,NA,NA,NA,NA,4.2,53.3,0.2,0,NA,NA,NA,NA,NA,NA,NA,NA,NA,NA,"cbs"
"JULIOJONES","WR","Julio Jones","ATL",20,203,"0",NA,NA,NA,NA,NA,NA,NA,NA,9.3,127,0.7,0.1,NA,NA,NA,NA,NA,NA,NA,NA,NA,NA,"cbs"
"BRIANQUICK","WR","Brian Quick","STL",21,204,"0",NA,NA,NA,NA,NA,NA,NA,NA,1.7,22.4,0.1,0,NA,NA,NA,NA,NA,NA,NA,NA,NA,NA,"cbs"
"JORDANNORWOOD","WR","Jordan Norwood","DEN",22,205,"0",NA,NA,NA,NA,NA,NA,NA,NA,1.5,19.4,0.1,0,NA,NA,NA,NA,NA,NA,NA,NA,NA,NA,"cbs"
"STEDMANBAILEY","WR","Stedman Bailey","STL",23,206,"0",NA,NA,NA,NA,NA,NA,NA,NA,2,28.8,0.1,0,NA,NA,NA,NA,NA,NA,NA,NA,NA,NA,"cbs"
"TAYLORGABRIEL","WR","Taylor Gabriel","CLE",24,207,"0",NA,NA,NA,NA,NA,NA,NA,NA,2.4,24.1,0.1,0.1,NA,NA,NA,NA,NA,NA,NA,NA,NA,NA,"cbs"
"MARLONMOORE","WR","Marlon Moore","CLE",25,208,"0",NA,NA,NA,NA,NA,NA,NA,NA,0,0,0,0,NA,NA,NA,NA,NA,NA,NA,NA,NA,NA,"cbs"
"ADAMTHIELEN","WR","Adam Thielen","MIN",26,209,"0",NA,NA,NA,NA,NA,NA,NA,NA,0.1,1.1,0,0,NA,NA,NA,NA,NA,NA,NA,NA,NA,NA,"cbs"
"ALLENROBINSON","WR","Allen Robinson","JAC",27,210,"0",NA,NA,NA,NA,NA,NA,NA,NA,4.4,58.3,0.5,0,NA,NA,NA,NA,NA,NA,NA,NA,NA,NA,"cbs"
"MIKEEVANS","WR","Mike Evans","TB",28,211,"0",NA,NA,NA,NA,NA,NA,NA,NA,4.8,74.4,0.5,0,NA,NA,NA,NA,NA,NA,NA,NA,NA,NA,"cbs"
"KEVINNORWOOD","WR","Kevin Norwood","CAR",29,212,"0",NA,NA,NA,NA,NA,NA,NA,NA,0,0,0,0,NA,NA,NA,NA,NA,NA,NA,NA,NA,NA,"cbs"
"MYLESWHITE","WR","Myles White","NYG",30,213,"0",NA,NA,NA,NA,NA,NA,NA,NA,0,0,0,0,NA,NA,NA,NA,NA,NA,NA,NA,NA,NA,"cbs"
"RODSTREATER","WR","Rod Streater","OAK",31,214,"0",NA,NA,NA,NA,NA,NA,NA,NA,1.9,26.6,0.1,0.1,NA,NA,NA,NA,NA,NA,NA,NA,NA,NA,"cbs"
"RILEYCOOPER","WR","Riley Cooper","PHI",32,215,"0",NA,NA,NA,NA,NA,NA,NA,NA,1.7,25.3,0.2,0,NA,NA,NA,NA,NA,NA,NA,NA,NA,NA,"cbs"
"SAMMYWATKINS","WR","Sammy Watkins","BUF",33,216,"0",NA,NA,NA,NA,NA,NA,NA,NA,3,40.3,0.4,0.1,NA,NA,NA,NA,NA,NA,NA,NA,NA,NA,"cbs"
"JEREMYKERLEY","WR","Jeremy Kerley","NYJ",34,217,"0",NA,NA,NA,NA,NA,NA,NA,NA,2.4,26,0.4,0,NA,NA,NA,NA,NA,NA,NA,NA,NA,NA,"cbs"
"ALLENHURNS","WR","Allen Hurns","JAC",35,218,"0",NA,NA,NA,NA,NA,NA,NA,NA,3.5,48.6,0.4,0.1,NA,NA,NA,NA,NA,NA,NA,NA,NA,NA,"cbs"
"ANDREWHAWKINS","WR","Andrew Hawkins","CLE",36,219,"0",NA,NA,NA,NA,NA,NA,NA,NA,2.5,28.7,0.1,0,NA,NA,NA,NA,NA,NA,NA,NA,NA,NA,"cbs"
"MATTHEWSLATER","WR","Matthew Slater","NE",37,220,"0",NA,NA,NA,NA,NA,NA,NA,NA,0,0,0,0,NA,NA,NA,NA,NA,NA,NA,NA,NA,NA,"cbs"
"JARVISLANDRY","WR","Jarvis Landry","MIA",38,221,"0",NA,NA,NA,NA,NA,NA,NA,NA,5.4,51.8,0.2,0.1,NA,NA,NA,NA,NA,NA,NA,NA,NA,NA,"cbs"
"GREGJENNINGS","WR","Greg Jennings","MIA",39,222,"0",NA,NA,NA,NA,NA,NA,NA,NA,1.3,14,0,0,NA,NA,NA,NA,NA,NA,NA,NA,NA,NA,"cbs"
"ADAMHUMPHRIES","WR","Adam Humphries","TB",40,223,"0",NA,NA,NA,NA,NA,NA,NA,NA,1.5,20.4,0.1,0,NA,NA,NA,NA,NA,NA,NA,NA,NA,NA,"cbs"
"KENNYSTILLS","WR","Kenny Stills","MIA",41,224,"0",NA,NA,NA,NA,NA,NA,NA,NA,1.9,29.7,0.1,0,NA,NA,NA,NA,NA,NA,NA,NA,NA,NA,"cbs"
"GEREMYDAVIS","WR","Geremy Davis","NYG",42,225,"0",NA,NA,NA,NA,NA,NA,NA,NA,0.1,0.6,0,0,NA,NA,NA,NA,NA,NA,NA,NA,NA,NA,"cbs"
"RODDYWHITE","WR","Roddy White","ATL",43,226,"0",NA,NA,NA,NA,NA,NA,NA,NA,4,50.3,0.3,0,NA,NA,NA,NA,NA,NA,NA,NA,NA,NA,"cbs"
"SAMMIECOATES","WR","Sammie Coates","PIT",44,227,"0",NA,NA,NA,NA,NA,NA,NA,NA,0,0,0,0,NA,NA,NA,NA,NA,NA,NA,NA,NA,NA,"cbs"
"SEYIAJIROTUTU","WR","Seyi Ajirotutu","PHI",45,228,"0",NA,NA,NA,NA,NA,NA,NA,NA,0,0,0,0,NA,NA,NA,NA,NA,NA,NA,NA,NA,NA,"cbs"
"ERICDECKER","WR","Eric Decker","NYJ",46,229,"0",NA,NA,NA,NA,NA,NA,NA,NA,4.5,60.5,0.6,0.1,NA,NA,NA,NA,NA,NA,NA,NA,NA,NA,"cbs"
"CODYLATIMER","WR","Cody Latimer","DEN",47,230,"0",NA,NA,NA,NA,NA,NA,NA,NA,0,0.3,0,0,NA,NA,NA,NA,NA,NA,NA,NA,NA,NA,"cbs"
"CHRISHARPER","WR","Chris Harper","NE",48,231,"0",NA,NA,NA,NA,NA,NA,NA,NA,0,0,0,0,NA,NA,NA,NA,NA,NA,NA,NA,NA,NA,"cbs"
"BRYANWALTERS","WR","Bryan Walters","JAC",49,232,"0",NA,NA,NA,NA,NA,NA,NA,NA,2.5,27.9,0.1,0,NA,NA,NA,NA,NA,NA,NA,NA,NA,NA,"cbs"
"ANDREROBERTS","WR","Andre Roberts","WAS",50,233,"0",NA,NA,NA,NA,NA,NA,NA,NA,0.1,1,0,0,NA,NA,NA,NA,NA,NA,NA,NA,NA,NA,"cbs"
"CHARLESJOHNSON","WR","Charles Johnson","MIN",51,234,"0",NA,NA,NA,NA,NA,NA,NA,NA,1.9,25.6,0.1,0,NA,NA,NA,NA,NA,NA,NA,NA,NA,NA,"cbs"
"JOSHBELLAMY","WR","Josh Bellamy","CHI",52,235,"0",NA,NA,NA,NA,NA,NA,NA,NA,0.1,0.7,0,0,NA,NA,NA,NA,NA,NA,NA,NA,NA,NA,"cbs"
"DAVANTEADAMS","WR","Davante Adams","GB",53,236,"0",NA,NA,NA,NA,NA,NA,NA,NA,3.1,32.6,0.2,0,NA,NA,NA,NA,NA,NA,NA,NA,NA,NA,"cbs"
"RANDALLCOBB","WR","Randall Cobb","GB",54,237,"0",NA,NA,NA,NA,NA,NA,NA,NA,5.6,56.2,0.5,0.1,NA,NA,NA,NA,NA,NA,NA,NA,NA,NA,"cbs"
"DEVINSTREET","WR","Devin Street","DAL",55,238,"0",NA,NA,NA,NA,NA,NA,NA,NA,0,0.5,0,0,NA,NA,NA,NA,NA,NA,NA,NA,NA,NA,"cbs"
"VINCEMAYLE","WR","Vince Mayle","DAL",56,239,"0",NA,NA,NA,NA,NA,NA,NA,NA,0,0,0,0,NA,NA,NA,NA,NA,NA,NA,NA,NA,NA,"cbs"
"CHRISHOGAN","WR","Chris Hogan","BUF",57,240,"0",NA,NA,NA,NA,NA,NA,NA,NA,2.2,25.5,0.2,0.1,NA,NA,NA,NA,NA,NA,NA,NA,NA,NA,"cbs"
"STEVEJOHNSON","WR","Steve Johnson","SD",58,241,"0",NA,NA,NA,NA,NA,NA,NA,NA,4.1,50.4,0.4,0,NA,NA,NA,NA,NA,NA,NA,NA,NA,NA,"cbs"
"DENARIUSMOORE","WR","Denarius Moore","BUF",59,242,"0",NA,NA,NA,NA,NA,NA,NA,NA,1.1,16.3,0.1,0.2,NA,NA,NA,NA,NA,NA,NA,NA,NA,NA,"cbs"
"ALSHONJEFFERY","WR","Alshon Jeffery","CHI",60,243,"0",NA,NA,NA,NA,NA,NA,NA,NA,6.3,81.6,0.5,0,NA,NA,NA,NA,NA,NA,NA,NA,NA,NA,"cbs"
"JEFFJANIS","WR","Jeff Janis","GB",61,244,"0",NA,NA,NA,NA,NA,NA,NA,NA,1.9,22.8,0.1,0,NA,NA,NA,NA,NA,NA,NA,NA,NA,NA,"cbs"
"MILESAUSTIN","WR","Miles Austin","PHI",62,245,"0",NA,NA,NA,NA,NA,NA,NA,NA,1.9,25.9,0.1,0,NA,NA,NA,NA,NA,NA,NA,NA,NA,NA,"cbs"
"AMARICOOPER","WR","Amari Cooper","OAK",63,246,"0",NA,NA,NA,NA,NA,NA,NA,NA,5.7,74.9,0.2,0.2,NA,NA,NA,NA,NA,NA,NA,NA,NA,NA,"cbs"
"COREYBROWN","WR","Corey Brown","CAR",64,247,"0",NA,NA,NA,NA,NA,NA,NA,NA,1.8,24.6,0.2,0,NA,NA,NA,NA,NA,NA,NA,NA,NA,NA,"cbs"
"JUSTINHUNTER","WR","Justin Hunter","TEN",65,248,"0",NA,NA,NA,NA,NA,NA,NA,NA,1.9,31.9,0.1,0,NA,NA,NA,NA,NA,NA,NA,NA,NA,NA,"cbs"
"GREGLITTLE","WR","Greg Little","CIN",66,249,"0",NA,NA,NA,NA,NA,NA,NA,NA,0.1,1.4,0,0,NA,NA,NA,NA,NA,NA,NA,NA,NA,NA,"cbs"
"KESHAWNMARTIN","WR","Keshawn Martin","NE",67,250,"0",NA,NA,NA,NA,NA,NA,NA,NA,0.1,1.4,0,0,NA,NA,NA,NA,NA,NA,NA,NA,NA,NA,"cbs"
"TYMONTGOMERY","WR","Ty Montgomery","GB",68,251,"0",NA,NA,NA,NA,NA,NA,NA,NA,2.6,24.5,0.2,0,NA,NA,NA,NA,NA,NA,NA,NA,NA,NA,"cbs"
"JARIUSWRIGHT","WR","Jarius Wright","MIN",69,252,"0",NA,NA,NA,NA,NA,NA,NA,NA,2.1,30.7,0.1,0,NA,NA,NA,NA,NA,NA,NA,NA,NA,NA,"cbs"
"ROBERTWOODS","WR","Robert Woods","BUF",70,253,"0",NA,NA,NA,NA,NA,NA,NA,NA,3.1,36.9,0.2,0.1,NA,NA,NA,NA,NA,NA,NA,NA,NA,NA,"cbs"
"GRIFFWHALEN","WR","Griff Whalen","IND",71,254,"0",NA,NA,NA,NA,NA,NA,NA,NA,0.1,0.9,0,0,NA,NA,NA,NA,NA,NA,NA,NA,NA,NA,"cbs"
"JUSTINHARDY","WR","Justin Hardy","ATL",72,255,"0",NA,NA,NA,NA,NA,NA,NA,NA,0.1,1,0,0,NA,NA,NA,NA,NA,NA,NA,NA,NA,NA,"cbs"
"MIKEWALLACE","WR","Mike Wallace","MIN",73,256,"0",NA,NA,NA,NA,NA,NA,NA,NA,3.5,47.4,0.3,0,NA,NA,NA,NA,NA,NA,NA,NA,NA,NA,"cbs"
"COLEBEASLEY","WR","Cole Beasley","DAL",74,257,"0",NA,NA,NA,NA,NA,NA,NA,NA,2.5,26.7,0.1,0.2,NA,NA,NA,NA,NA,NA,NA,NA,NA,NA,"cbs"
"MALCOMFLOYD","WR","Malcom Floyd","SD",75,258,"0",NA,NA,NA,NA,NA,NA,NA,NA,2.6,49.5,0.4,0,NA,NA,NA,NA,NA,NA,NA,NA,NA,NA,"cbs"
"DEZBRYANT","WR","Dez Bryant","DAL",76,259,"0",NA,NA,NA,NA,NA,NA,NA,NA,4.1,57.1,0.4,0,NA,NA,NA,NA,NA,NA,NA,NA,NA,NA,"cbs"
"CAMERONMEREDITH","WR","Cameron Meredith","CHI",77,260,"0",NA,NA,NA,NA,NA,NA,NA,NA,3.2,39,0.2,0,NA,NA,NA,NA,NA,NA,NA,NA,NA,NA,"cbs"
"MOHAMEDSANU","WR","Mohamed Sanu","CIN",78,261,"0",NA,NA,NA,NA,NA,NA,NA,NA,2.5,35.7,0.1,0,NA,NA,NA,NA,NA,NA,NA,NA,NA,NA,"cbs"
"DANNYAMENDOLA","WR","Danny Amendola","NE",79,262,"0",NA,NA,NA,NA,NA,NA,NA,NA,3.5,42.6,0.3,0,NA,NA,NA,NA,NA,NA,NA,NA,NA,NA,"cbs"
"HARRYDOUGLAS","WR","Harry Douglas","TEN",80,263,"0",NA,NA,NA,NA,NA,NA,NA,NA,2.5,31.1,0.1,0,NA,NA,NA,NA,NA,NA,NA,NA,NA,NA,"cbs"
"ODELLBECKHAM","WR","Odell Beckham","NYG",81,264,"0",NA,NA,NA,NA,NA,NA,NA,NA,6.6,81.5,0.7,0,NA,NA,NA,NA,NA,NA,NA,NA,NA,NA,"cbs"
"ANDREHOLMES","WR","Andre Holmes","OAK",82,265,"0",NA,NA,NA,NA,NA,NA,NA,NA,1.5,22.7,0.3,0,NA,NA,NA,NA,NA,NA,NA,NA,NA,NA,"cbs"
"TYLERMURPHY","WR","Tyler Murphy","PIT",83,266,"0",NA,NA,NA,NA,NA,NA,NA,NA,0,0,0,0,NA,NA,NA,NA,NA,NA,NA,NA,NA,NA,"cbs"
"KENNYBRITT","WR","Kenny Britt","STL",84,267,"0",NA,NA,NA,NA,NA,NA,NA,NA,2.5,32.3,0.2,0,NA,NA,NA,NA,NA,NA,NA,NA,NA,NA,"cbs"
"ANTONIOBROWN","WR","Antonio Brown","PIT",85,268,"0",NA,NA,NA,NA,NA,NA,NA,NA,7.1,94.4,0.6,0,NA,NA,NA,NA,NA,NA,NA,NA,NA,NA,"cbs"
"MARTAVISBRYANT","WR","Martavis Bryant","PIT",86,269,"0",NA,NA,NA,NA,NA,NA,NA,NA,3.8,53,0.5,0,NA,NA,NA,NA,NA,NA,NA,NA,NA,NA,"cbs"
"DEMARYIUSTHOMAS","WR","Demaryius Thomas","DEN",87,270,"0",NA,NA,NA,NA,NA,NA,NA,NA,7.2,97.8,0.4,0.1,NA,NA,NA,NA,NA,NA,NA,NA,NA,NA,"cbs"
"DWAYNEHARRIS","WR","Dwayne Harris","NYG",88,271,"0",NA,NA,NA,NA,NA,NA,NA,NA,2.2,26.2,0.3,0.1,NA,NA,NA,NA,NA,NA,NA,NA,NA,NA,"cbs"
"MATTHAZEL","WR","Matt Hazel","MIA",89,272,"0",NA,NA,NA,NA,NA,NA,NA,NA,0,0,0,0,NA,NA,NA,NA,NA,NA,NA,NA,NA,NA,"cbs"
"BENNIEFOWLER","WR","Bennie Fowler","DEN",90,273,"0",NA,NA,NA,NA,NA,NA,NA,NA,1.1,13.6,0.1,0,NA,NA,NA,NA,NA,NA,NA,NA,NA,NA,"cbs"
"JOSHHUFF","WR","Josh Huff","PHI",91,274,"0",NA,NA,NA,NA,NA,NA,NA,NA,1.6,20.9,0.1,0.1,NA,NA,NA,NA,NA,NA,NA,NA,NA,NA,"cbs"
"SETHROBERTS","WR","Seth Roberts","OAK",92,275,"0",NA,NA,NA,NA,NA,NA,NA,NA,1.4,16.7,0.1,0,NA,NA,NA,NA,NA,NA,NA,NA,NA,NA,"cbs"
"TYHILTON","WR","T.Y. Hilton","IND",93,276,"0",NA,NA,NA,NA,NA,NA,NA,NA,3.6,45,0.2,0,NA,NA,NA,NA,NA,NA,NA,NA,NA,NA,"cbs"
"BRANDONMARSHALL","WR","Brandon Marshall","NYJ",94,277,"0",NA,NA,NA,NA,NA,NA,NA,NA,4.5,61.9,0.5,0.2,NA,NA,NA,NA,NA,NA,NA,NA,NA,NA,"cbs"
"EMMANUELSANDERS","WR","Emmanuel Sanders","DEN",95,278,"0",NA,NA,NA,NA,NA,NA,NA,NA,5.8,78.2,0.5,0,NA,NA,NA,NA,NA,NA,NA,NA,NA,NA,"cbs"
"BRANDONTATE","WR","Brandon Tate","CIN",96,279,"0",NA,NA,NA,NA,NA,NA,NA,NA,0.1,1.2,0,0,NA,NA,NA,NA,NA,NA,NA,NA,NA,NA,"cbs"
"TERRANCEWILLIAMS","WR","Terrance Williams","DAL",97,280,"0",NA,NA,NA,NA,NA,NA,NA,NA,2.4,43.5,0.4,0,NA,NA,NA,NA,NA,NA,NA,NA,NA,NA,"cbs"
"RYANGRANT","WR","Ryan Grant","WAS",98,281,"0",NA,NA,NA,NA,NA,NA,NA,NA,1.5,20.2,0.1,0,NA,NA,NA,NA,NA,NA,NA,NA,NA,NA,"cbs"
"DEVINSMITH","WR","Devin Smith","NYJ",99,282,"0",NA,NA,NA,NA,NA,NA,NA,NA,1.2,15.9,0.1,0,NA,NA,NA,NA,NA,NA,NA,NA,NA,NA,"cbs"
"ANDRECALDWELL","WR","Andre Caldwell","DEN",100,283,"0",NA,NA,NA,NA,NA,NA,NA,NA,1.1,14.3,0.1,0,NA,NA,NA,NA,NA,NA,NA,NA,NA,NA,"cbs"
"RISHARDMATTHEWS","WR","Rishard Matthews","MIA",101,284,"0",NA,NA,NA,NA,NA,NA,NA,NA,3.1,40,0.3,0,NA,NA,NA,NA,NA,NA,NA,NA,NA,NA,"cbs"
"TJGRAHAM","WR","T.J. Graham","NO",102,285,"0",NA,NA,NA,NA,NA,NA,NA,NA,0,0,0,0,NA,NA,NA,NA,NA,NA,NA,NA,NA,NA,"cbs"
"DORIALGREENBECKHAM","WR","Dorial Green-Beckham","TEN",103,286,"0",NA,NA,NA,NA,NA,NA,NA,NA,2,32,0.4,0,NA,NA,NA,NA,NA,NA,NA,NA,NA,NA,"cbs"
"NICKWILLIAMS","WR","Nick Williams","ATL",104,287,"0",NA,NA,NA,NA,NA,NA,NA,NA,0.1,0.8,0,0,NA,NA,NA,NA,NA,NA,NA,NA,NA,NA,"cbs"
"TORREYSMITH","WR","Torrey Smith","SF",105,288,"0",NA,NA,NA,NA,NA,NA,NA,NA,1.9,51.7,0.4,0,NA,NA,NA,NA,NA,NA,NA,NA,NA,NA,"cbs"
"MARQUESCOLSTON","WR","Marques Colston","NO",106,289,"0",NA,NA,NA,NA,NA,NA,NA,NA,3.7,48.4,0.2,0,NA,NA,NA,NA,NA,NA,NA,NA,NA,NA,"cbs"
"TAVONAUSTIN","WR","Tavon Austin","STL",107,290,"0",NA,NA,NA,NA,NA,NA,NA,NA,2.9,28.8,0.3,0.1,NA,NA,NA,NA,NA,NA,NA,NA,NA,NA,"cbs"
"DEANDREPRESLEY","WR","De'Andre Presley","CAR",108,291,"0",NA,NA,NA,NA,NA,NA,NA,NA,0,0,0,0,NA,NA,NA,NA,NA,NA,NA,NA,NA,NA,"cbs"
"JORDANMATTHEWS","WR","Jordan Matthews","PHI",109,292,"0",NA,NA,NA,NA,NA,NA,NA,NA,5.6,62.6,0.2,0.2,NA,NA,NA,NA,NA,NA,NA,NA,NA,NA,"cbs"
"NELSONAGHOLOR","WR","Nelson Agholor","PHI",110,293,"0",NA,NA,NA,NA,NA,NA,NA,NA,2.4,32.2,0.2,0.2,NA,NA,NA,NA,NA,NA,NA,NA,NA,NA,"cbs"
"AJGREEN","WR","A.J. Green","CIN",111,294,"0",NA,NA,NA,NA,NA,NA,NA,NA,5.8,87.9,0.6,0,NA,NA,NA,NA,NA,NA,NA,NA,NA,NA,"cbs"
"TEDGINN","WR","Ted Ginn","CAR",112,295,"0",NA,NA,NA,NA,NA,NA,NA,NA,3.4,54.6,0.4,0,NA,NA,NA,NA,NA,NA,NA,NA,NA,NA,"cbs"
"BRICEBUTLER","WR","Brice Butler","DAL",113,296,"0",NA,NA,NA,NA,NA,NA,NA,NA,0.1,1.5,0,0,NA,NA,NA,NA,NA,NA,NA,NA,NA,NA,"cbs"
"DARRIUSHEYWARDBEY","WR","Darrius Heyward-Bey","PIT",114,297,"0",NA,NA,NA,NA,NA,NA,NA,NA,2.4,26.8,0.3,0,NA,NA,NA,NA,NA,NA,NA,NA,NA,NA,"cbs"
"DONTRELLEINMAN","WR","Dontrelle Inman","SD",115,298,"0",NA,NA,NA,NA,NA,NA,NA,NA,2.5,37.5,0.2,0,NA,NA,NA,NA,NA,NA,NA,NA,NA,NA,"cbs"
"PRESTONPARKER","WR","Preston Parker","NYG",116,299,"0",NA,NA,NA,NA,NA,NA,NA,NA,0,0,0,0,NA,NA,NA,NA,NA,NA,NA,NA,NA,NA,"cbs"
"JULIANEDELMAN","WR","Julian Edelman","NE",117,300,"0",NA,NA,NA,NA,NA,NA,NA,NA,7.6,88.2,0.7,0,NA,NA,NA,NA,NA,NA,NA,NA,NA,NA,"cbs"
"WALTPOWELL","WR","Walt Powell","BUF",118,301,"0",NA,NA,NA,NA,NA,NA,NA,NA,0,0,0,0,NA,NA,NA,NA,NA,NA,NA,NA,NA,NA,"cbs"
"DONTEMONCRIEF","WR","Donte Moncrief","IND",119,302,"0",NA,NA,NA,NA,NA,NA,NA,NA,3.7,38.1,0.4,0,NA,NA,NA,NA,NA,NA,NA,NA,NA,NA,"cbs"
"BRANDINCOOKS","WR","Brandin Cooks","NO",120,303,"0",NA,NA,NA,NA,NA,NA,NA,NA,5.3,68.5,0.4,0,NA,NA,NA,NA,NA,NA,NA,NA,NA,NA,"cbs"
"DEVINFUNCHESS","WR","Devin Funchess","CAR",121,304,"0",NA,NA,NA,NA,NA,NA,NA,NA,1.6,24.4,0.1,0,NA,NA,NA,NA,NA,NA,NA,NA,NA,NA,"cbs"
"JAMESJONES","WR","James Jones","GB",122,305,"0",NA,NA,NA,NA,NA,NA,NA,NA,3.2,45.2,0.5,0,NA,NA,NA,NA,NA,NA,NA,NA,NA,NA,"cbs"
"TRAVISBENJAMIN","WR","Travis Benjamin","CLE",123,306,"0",NA,NA,NA,NA,NA,NA,NA,NA,3.1,44.4,0.2,0.2,NA,NA,NA,NA,NA,NA,NA,NA,NA,NA,"cbs"
"MARCMARIANI","WR","Marc Mariani","CHI",124,307,"0",NA,NA,NA,NA,NA,NA,NA,NA,0.1,0.7,0,0,NA,NA,NA,NA,NA,NA,NA,NA,NA,NA,"cbs"
"BRANDONLAFELL","WR","Brandon LaFell","NE",125,308,"0",NA,NA,NA,NA,NA,NA,NA,NA,4.3,56.7,0.4,0.2,NA,NA,NA,NA,NA,NA,NA,NA,NA,NA,"cbs"
"BRUCEELLINGTON","WR","Bruce Ellington","SF",126,309,"0",NA,NA,NA,NA,NA,NA,NA,NA,1.1,13.5,0.1,0,NA,NA,NA,NA,NA,NA,NA,NA,NA,NA,"cbs"
"RUSSELLSHEPARD","WR","Russell Shepard","TB",127,310,"0",NA,NA,NA,NA,NA,NA,NA,NA,0,0.1,0,0,NA,NA,NA,NA,NA,NA,NA,NA,NA,NA,"cbs"
"AARONDOBSON","WR","Aaron Dobson","NE",128,311,"0",NA,NA,NA,NA,NA,NA,NA,NA,0.1,1.8,0,0,NA,NA,NA,NA,NA,NA,NA,NA,NA,NA,"cbs"
"JAMISONCROWDER","WR","Jamison Crowder","WAS",129,312,"0",NA,NA,NA,NA,NA,NA,NA,NA,2.9,32.2,0.1,0,NA,NA,NA,NA,NA,NA,NA,NA,NA,NA,"cbs"
"DONTEEADYE","WR","Donteea Dye","TB",130,313,"0",NA,NA,NA,NA,NA,NA,NA,NA,2.4,35.1,0.3,0,NA,NA,NA,NA,NA,NA,NA,NA,NA,NA,"cbs"
"RASHADROSS","WR","Rashad Ross","WAS",131,314,"0",NA,NA,NA,NA,NA,NA,NA,NA,0,0,0,0,NA,NA,NA,NA,NA,NA,NA,NA,NA,NA,"cbs"
"QUINTONPATTON","WR","Quinton Patton","SF",132,315,"0",NA,NA,NA,NA,NA,NA,NA,NA,1.4,16.4,0.1,0.1,NA,NA,NA,NA,NA,NA,NA,NA,NA,NA,"cbs"
"ERICWEEMS","WR","Eric Weems","ATL",133,316,"0",NA,NA,NA,NA,NA,NA,NA,NA,0,0,0,0,NA,NA,NA,NA,NA,NA,NA,NA,NA,NA,"cbs"
"BRANDONCOLEMAN","WR","Brandon Coleman","NO",134,317,"0",NA,NA,NA,NA,NA,NA,NA,NA,2.1,26.9,0.2,0,NA,NA,NA,NA,NA,NA,NA,NA,NA,NA,"cbs"
"WILLIESNEAD","WR","Willie Snead","NO",135,318,"0",NA,NA,NA,NA,NA,NA,NA,NA,4.2,63.9,0.4,0.1,NA,NA,NA,NA,NA,NA,NA,NA,NA,NA,"cbs"
"MARVINJONES","WR","Marvin Jones","CIN",136,319,"0",NA,NA,NA,NA,NA,NA,NA,NA,3.1,43.1,0.5,0,NA,NA,NA,NA,NA,NA,NA,NA,NA,NA,"cbs"
"JASONWITTEN","TE","Jason Witten","DAL",1,320,"0",NA,NA,NA,NA,NA,NA,NA,NA,4,44.3,0.3,0.1,NA,NA,NA,NA,NA,NA,NA,NA,NA,NA,"cbs"
"GEOFFSWAIM","TE","Geoff Swaim","DAL",2,321,"0",NA,NA,NA,NA,NA,NA,NA,NA,0,0,0,0,NA,NA,NA,NA,NA,NA,NA,NA,NA,NA,"cbs"
"KYLERUDOLPH","TE","Kyle Rudolph","MIN",3,322,"0",NA,NA,NA,NA,NA,NA,NA,NA,2.9,22.8,0.3,0,NA,NA,NA,NA,NA,NA,NA,NA,NA,NA,"cbs"
"CHASECOFFMAN","TE","Chase Coffman","TEN",4,323,"0",NA,NA,NA,NA,NA,NA,NA,NA,0,0,0,0,NA,NA,NA,NA,NA,NA,NA,NA,NA,NA,"cbs"
"JACOBTAMME","TE","Jacob Tamme","ATL",5,324,"0",NA,NA,NA,NA,NA,NA,NA,NA,3.5,39,0.1,0,NA,NA,NA,NA,NA,NA,NA,NA,NA,NA,"cbs"
"CHARLESCLAY","TE","Charles Clay","BUF",6,325,"0",NA,NA,NA,NA,NA,NA,NA,NA,4.3,39.6,0.2,0,NA,NA,NA,NA,NA,NA,NA,NA,NA,NA,"cbs"
"MARTELLUSBENNETT","TE","Martellus Bennett","CHI",7,326,"0",NA,NA,NA,NA,NA,NA,NA,NA,5.4,51.8,0.3,0,NA,NA,NA,NA,NA,NA,NA,NA,NA,NA,"cbs"
"DELANIEWALKER","TE","Delanie Walker","TEN",8,327,"0",NA,NA,NA,NA,NA,NA,NA,NA,3.2,39.4,0.2,0,NA,NA,NA,NA,NA,NA,NA,NA,NA,NA,"cbs"
"GABEHOLMES","TE","Gabe Holmes","OAK",9,328,"0",NA,NA,NA,NA,NA,NA,NA,NA,0,0,0,0,NA,NA,NA,NA,NA,NA,NA,NA,NA,NA,"cbs"
"VANCEMCDONALD","TE","Vance McDonald","SF",10,329,"0",NA,NA,NA,NA,NA,NA,NA,NA,1.2,12,0.1,0,NA,NA,NA,NA,NA,NA,NA,NA,NA,NA,"cbs"
"BRANDONMYERS","TE","Brandon Myers","TB",11,330,"0",NA,NA,NA,NA,NA,NA,NA,NA,2.1,22.3,0.1,0,NA,NA,NA,NA,NA,NA,NA,NA,NA,NA,"cbs"
"ANTONIOGATES","TE","Antonio Gates","SD",12,331,"0",NA,NA,NA,NA,NA,NA,NA,NA,5.1,59.3,0.6,0.1,NA,NA,NA,NA,NA,NA,NA,NA,NA,NA,"cbs"
"JAKESTONEBURNER","TE","Jake Stoneburner","MIA",13,332,"0",NA,NA,NA,NA,NA,NA,NA,NA,2,18.2,0.3,0,NA,NA,NA,NA,NA,NA,NA,NA,NA,NA,"cbs"
"JAREDCOOK","TE","Jared Cook","STL",14,333,"0",NA,NA,NA,NA,NA,NA,NA,NA,2.8,33.3,0.1,0.1,NA,NA,NA,NA,NA,NA,NA,NA,NA,NA,"cbs"
"CAMERONBRATE","TE","Cameron Brate","TB",15,334,"0",NA,NA,NA,NA,NA,NA,NA,NA,0.1,0.8,0,0,NA,NA,NA,NA,NA,NA,NA,NA,NA,NA,"cbs"
"WILLTYE","TE","Will Tye","NYG",16,335,"0",NA,NA,NA,NA,NA,NA,NA,NA,1.6,14.8,0.1,0.1,NA,NA,NA,NA,NA,NA,NA,NA,NA,NA,"cbs"
"HEATHMILLER","TE","Heath Miller","PIT",17,336,"0",NA,NA,NA,NA,NA,NA,NA,NA,3.8,38.2,0.2,0.1,NA,NA,NA,NA,NA,NA,NA,NA,NA,NA,"cbs"
"MICHAELHOOMANAWANUI","TE","Michael Hoomanawanui","NO",18,337,"0",NA,NA,NA,NA,NA,NA,NA,NA,0.1,1,0,0,NA,NA,NA,NA,NA,NA,NA,NA,NA,NA,"cbs"
"MYCOLEPRUITT","TE","MyCole Pruitt","MIN",19,338,"0",NA,NA,NA,NA,NA,NA,NA,NA,0,0.4,0,0,NA,NA,NA,NA,NA,NA,NA,NA,NA,NA,"cbs"
"ROBGRONKOWSKI","TE","Rob Gronkowski","NE",20,339,"0",NA,NA,NA,NA,NA,NA,NA,NA,5.8,94.7,1,0,NA,NA,NA,NA,NA,NA,NA,NA,NA,NA,"cbs"
"JIMDRAY","TE","Jim Dray","CLE",21,340,"0",NA,NA,NA,NA,NA,NA,NA,NA,1.7,17.9,0.1,0,NA,NA,NA,NA,NA,NA,NA,NA,NA,NA,"cbs"
"JACKDOYLE","TE","Jack Doyle","IND",22,341,"0",NA,NA,NA,NA,NA,NA,NA,NA,0.1,0.4,0,0,NA,NA,NA,NA,NA,NA,NA,NA,NA,NA,"cbs"
"CORYHARKEY","TE","Cory Harkey","STL",23,342,"0",NA,NA,NA,NA,NA,NA,NA,NA,0,0.2,0,0,NA,NA,NA,NA,NA,NA,NA,NA,NA,NA,"cbs"
"JULIUSTHOMAS","TE","Julius Thomas","JAC",24,343,"0",NA,NA,NA,NA,NA,NA,NA,NA,3.7,38.9,0.3,0,NA,NA,NA,NA,NA,NA,NA,NA,NA,NA,"cbs"
"CHASEFORD","TE","Chase Ford","MIN",25,344,"0",NA,NA,NA,NA,NA,NA,NA,NA,0.1,1,0,0,NA,NA,NA,NA,NA,NA,NA,NA,NA,NA,"cbs"
"DAVIDJOHNSON","TE","David Johnson","SD",26,345,"0",NA,NA,NA,NA,NA,NA,NA,NA,0,0.5,0,0,NA,NA,NA,NA,NA,NA,NA,NA,NA,NA,"cbs"
"JEFFCUMBERLAND","TE","Jeff Cumberland","NYJ",27,346,"0",NA,NA,NA,NA,NA,NA,NA,NA,0.1,0.8,0,0,NA,NA,NA,NA,NA,NA,NA,NA,NA,NA,"cbs"
"GAVINESCOBAR","TE","Gavin Escobar","DAL",28,347,"0",NA,NA,NA,NA,NA,NA,NA,NA,1.6,16.9,0.2,0.2,NA,NA,NA,NA,NA,NA,NA,NA,NA,NA,"cbs"
"VERNONDAVIS","TE","Vernon Davis","DEN",29,348,"0",NA,NA,NA,NA,NA,NA,NA,NA,0.9,11.1,0.1,0,NA,NA,NA,NA,NA,NA,NA,NA,NA,NA,"cbs"
"GARYBARNIDGE","TE","Gary Barnidge","CLE",30,349,"0",NA,NA,NA,NA,NA,NA,NA,NA,3.8,52,0.3,0,NA,NA,NA,NA,NA,NA,NA,NA,NA,NA,"cbs"
"JOSHHILL","TE","Josh Hill","NO",31,350,"0",NA,NA,NA,NA,NA,NA,NA,NA,2.5,25.9,0.2,0,NA,NA,NA,NA,NA,NA,NA,NA,NA,NA,"cbs"
"TREYBURTON","TE","Trey Burton","PHI",32,351,"0",NA,NA,NA,NA,NA,NA,NA,NA,0,0,0,0,NA,NA,NA,NA,NA,NA,NA,NA,NA,NA,"cbs"
"CHRISGRAGG","TE","Chris Gragg","BUF",33,352,"0",NA,NA,NA,NA,NA,NA,NA,NA,0.1,1.1,0,0,NA,NA,NA,NA,NA,NA,NA,NA,NA,NA,"cbs"
"RICHARDRODGERS","TE","Richard Rodgers","GB",34,353,"0",NA,NA,NA,NA,NA,NA,NA,NA,2.6,21.5,0.2,0,NA,NA,NA,NA,NA,NA,NA,NA,NA,NA,"cbs"
"KYLEMILLER","TE","Kyle Miller","SD",35,354,"0",NA,NA,NA,NA,NA,NA,NA,NA,0,0,0,0,NA,NA,NA,NA,NA,NA,NA,NA,NA,NA,"cbs"
"CJUZOMAH","TE","C.J. Uzomah","CIN",36,355,"0",NA,NA,NA,NA,NA,NA,NA,NA,0,0,0,0,NA,NA,NA,NA,NA,NA,NA,NA,NA,NA,"cbs"
"LEVINETOILOLO","TE","Levine Toilolo","ATL",37,356,"0",NA,NA,NA,NA,NA,NA,NA,NA,2.7,27.6,0.1,0,NA,NA,NA,NA,NA,NA,NA,NA,NA,NA,"cbs"
"ANTHONYMCCOY","TE","Anthony McCoy","WAS",38,357,"0",NA,NA,NA,NA,NA,NA,NA,NA,0,0.4,0,0,NA,NA,NA,NA,NA,NA,NA,NA,NA,NA,"cbs"
"LANCEKENDRICKS","TE","Lance Kendricks","STL",39,358,"0",NA,NA,NA,NA,NA,NA,NA,NA,1.8,15.5,0.3,0,NA,NA,NA,NA,NA,NA,NA,NA,NA,NA,"cbs"
"KELLENDAVIS","TE","Kellen Davis","NYJ",40,359,"0",NA,NA,NA,NA,NA,NA,NA,NA,1.8,17.7,0.4,0,NA,NA,NA,NA,NA,NA,NA,NA,NA,NA,"cbs"
"LEESMITH","TE","Lee Smith","OAK",41,360,"0",NA,NA,NA,NA,NA,NA,NA,NA,1.5,13.8,0.1,0,NA,NA,NA,NA,NA,NA,NA,NA,NA,NA,"cbs"
"TYLEREIFERT","TE","Tyler Eifert","CIN",42,361,"0",NA,NA,NA,NA,NA,NA,NA,NA,4.4,58.1,0.8,0,NA,NA,NA,NA,NA,NA,NA,NA,NA,NA,"cbs"
"EJBIBBS","TE","E.J. Bibbs","CLE",43,362,"0",NA,NA,NA,NA,NA,NA,NA,NA,0,0,0,0,NA,NA,NA,NA,NA,NA,NA,NA,NA,NA,"cbs"
"TYLERKROFT","TE","Tyler Kroft","CIN",44,363,"0",NA,NA,NA,NA,NA,NA,NA,NA,0,0.3,0,0,NA,NA,NA,NA,NA,NA,NA,NA,NA,NA,"cbs"
"JORDANCAMERON","TE","Jordan Cameron","MIA",45,364,"0",NA,NA,NA,NA,NA,NA,NA,NA,2.4,28.4,0.1,0,NA,NA,NA,NA,NA,NA,NA,NA,NA,NA,"cbs"
"MATTHEWMULLIGAN","TE","Matthew Mulligan","BUF",46,365,"0",NA,NA,NA,NA,NA,NA,NA,NA,0,0.2,0,0,NA,NA,NA,NA,NA,NA,NA,NA,NA,NA,"cbs"
"JESSEJAMES","TE","Jesse James","PIT",47,366,"0",NA,NA,NA,NA,NA,NA,NA,NA,0,0.4,0,0,NA,NA,NA,NA,NA,NA,NA,NA,NA,NA,"cbs"
"OWENDANIELS","TE","Owen Daniels","DEN",48,367,"0",NA,NA,NA,NA,NA,NA,NA,NA,2,19.2,0.3,0,NA,NA,NA,NA,NA,NA,NA,NA,NA,NA,"cbs"
"ZACHMILLER","TE","Zach Miller","CHI",49,368,"0",NA,NA,NA,NA,NA,NA,NA,NA,0.1,0.8,0,0,NA,NA,NA,NA,NA,NA,NA,NA,NA,NA,"cbs"
"EDDICKSON","TE","Ed Dickson","CAR",50,369,"0",NA,NA,NA,NA,NA,NA,NA,NA,1.5,17.6,0.1,0,NA,NA,NA,NA,NA,NA,NA,NA,NA,NA,"cbs"
"MALCOLMJOHNSON","TE","Malcolm Johnson","CLE",51,370,"0",NA,NA,NA,NA,NA,NA,NA,NA,0,0.2,0,0,NA,NA,NA,NA,NA,NA,NA,NA,NA,NA,"cbs"
"MARCEDESLEWIS","TE","Marcedes Lewis","JAC",52,371,"0",NA,NA,NA,NA,NA,NA,NA,NA,1.1,11.7,0.1,0.1,NA,NA,NA,NA,NA,NA,NA,NA,NA,NA,"cbs"
"RHETTELLISON","TE","Rhett Ellison","MIN",53,372,"0",NA,NA,NA,NA,NA,NA,NA,NA,1.6,15.7,0.1,0,NA,NA,NA,NA,NA,NA,NA,NA,NA,NA,"cbs"
"VIRGILGREEN","TE","Virgil Green","DEN",54,373,"0",NA,NA,NA,NA,NA,NA,NA,NA,1.9,19.6,0.1,0,NA,NA,NA,NA,NA,NA,NA,NA,NA,NA,"cbs"
"BRANDONWILLIAMS","TE","Brandon Williams","MIA",55,374,"0",NA,NA,NA,NA,NA,NA,NA,NA,0,0.3,0,0,NA,NA,NA,NA,NA,NA,NA,NA,NA,NA,"cbs"
"ZACHERTZ","TE","Zach Ertz","PHI",56,375,"0",NA,NA,NA,NA,NA,NA,NA,NA,2.9,33.9,0.1,0,NA,NA,NA,NA,NA,NA,NA,NA,NA,NA,"cbs"
"PHILLIPSUPERNAW","TE","Phillip Supernaw","TEN",57,376,"0",NA,NA,NA,NA,NA,NA,NA,NA,0,0,0,0,NA,NA,NA,NA,NA,NA,NA,NA,NA,NA,"cbs"
"KENNARDBACKMAN","TE","Kennard Backman","GB",58,377,"0",NA,NA,NA,NA,NA,NA,NA,NA,0,0,0,0,NA,NA,NA,NA,NA,NA,NA,NA,NA,NA,"cbs"
"ANTHONYFASANO","TE","Anthony Fasano","TEN",59,378,"0",NA,NA,NA,NA,NA,NA,NA,NA,1.5,18.3,0.2,0,NA,NA,NA,NA,NA,NA,NA,NA,NA,NA,"cbs"
"BENJAMINWATSON","TE","Benjamin Watson","NO",60,379,"0",NA,NA,NA,NA,NA,NA,NA,NA,3.3,40.5,0.3,0.1,NA,NA,NA,NA,NA,NA,NA,NA,NA,NA,"cbs"
"MATTSPAETH","TE","Matt Spaeth","PIT",61,380,"0",NA,NA,NA,NA,NA,NA,NA,NA,0,0.4,0,0,NA,NA,NA,NA,NA,NA,NA,NA,NA,NA,"cbs"
"JOHNPHILLIPS","TE","John Phillips","SD",62,381,"0",NA,NA,NA,NA,NA,NA,NA,NA,2.3,24.3,0.2,0,NA,NA,NA,NA,NA,NA,NA,NA,NA,NA,"cbs"
"CLIVEWALFORD","TE","Clive Walford","OAK",63,382,"0",NA,NA,NA,NA,NA,NA,NA,NA,0.9,8.2,0.1,0,NA,NA,NA,NA,NA,NA,NA,NA,NA,NA,"cbs"
"DEREKCARRIER","TE","Derek Carrier","WAS",64,383,"0",NA,NA,NA,NA,NA,NA,NA,NA,1.1,11.4,0,0,NA,NA,NA,NA,NA,NA,NA,NA,NA,NA,"cbs"
"NICKOLEARY","TE","Nick O'Leary","BUF",65,384,"0",NA,NA,NA,NA,NA,NA,NA,NA,0,0,0,0,NA,NA,NA,NA,NA,NA,NA,NA,NA,NA,"cbs"
"LUKESTOCKER","TE","Luke Stocker","TB",66,385,"0",NA,NA,NA,NA,NA,NA,NA,NA,0.1,0.7,0,0,NA,NA,NA,NA,NA,NA,NA,NA,NA,NA,"cbs"
"MYCHALRIVERA","TE","Mychal Rivera","OAK",67,386,"0",NA,NA,NA,NA,NA,NA,NA,NA,2,17.2,0.1,0,NA,NA,NA,NA,NA,NA,NA,NA,NA,NA,"cbs"
"CLAYHARBOR","TE","Clay Harbor","JAC",68,387,"0",NA,NA,NA,NA,NA,NA,NA,NA,0.1,1.3,0,0,NA,NA,NA,NA,NA,NA,NA,NA,NA,NA,"cbs"
"BRENTCELEK","TE","Brent Celek","PHI",69,388,"0",NA,NA,NA,NA,NA,NA,NA,NA,1.8,20.8,0.3,0.1,NA,NA,NA,NA,NA,NA,NA,NA,NA,NA,"cbs"
"GREGOLSEN","TE","Greg Olsen","CAR",70,389,"0",NA,NA,NA,NA,NA,NA,NA,NA,4.5,65.8,0.4,0,NA,NA,NA,NA,NA,NA,NA,NA,NA,NA,"cbs"
"JORDANREED","TE","Jordan Reed","WAS",71,390,"0",NA,NA,NA,NA,NA,NA,NA,NA,5.1,52.6,0.3,0.1,NA,NA,NA,NA,NA,NA,NA,NA,NA,NA,"cbs"
"GARRETTCELEK","TE","Garrett Celek","SF",72,391,"0",NA,NA,NA,NA,NA,NA,NA,NA,2.1,23,0.3,0,NA,NA,NA,NA,NA,NA,NA,NA,NA,NA,"cbs"
"MITCHELLHENRY","TE","Mitchell Henry","GB",73,392,"0",NA,NA,NA,NA,NA,NA,NA,NA,0,0,0,0,NA,NA,NA,NA,NA,NA,NA,NA,NA,NA,"cbs"
"DIONSIMS","TE","Dion Sims","MIA",74,393,"0",NA,NA,NA,NA,NA,NA,NA,NA,1.5,14.6,0.1,0,NA,NA,NA,NA,NA,NA,NA,NA,NA,NA,"cbs"
"CRAIGSTEVENS","TE","Craig Stevens","TEN",75,394,"0",NA,NA,NA,NA,NA,NA,NA,NA,0,0.6,0,0,NA,NA,NA,NA,NA,NA,NA,NA,NA,NA,"cbs"
"JAMESHANNA","TE","James Hanna","DAL",76,395,"0",NA,NA,NA,NA,NA,NA,NA,NA,0,0.3,0,0,NA,NA,NA,NA,NA,NA,NA,NA,NA,NA,"cbs"
"SCOTTCHANDLER","TE","Scott Chandler","NE",77,396,"0",NA,NA,NA,NA,NA,NA,NA,NA,1.6,20,0.1,0,NA,NA,NA,NA,NA,NA,NA,NA,NA,NA,"cbs"
"NICJACOBS","TE","Nic Jacobs","JAC",78,397,"0",NA,NA,NA,NA,NA,NA,NA,NA,0,0.2,0,0,NA,NA,NA,NA,NA,NA,NA,NA,NA,NA,"cbs"
"RYANHEWITT","TE","Ryan Hewitt","CIN",79,398,"0",NA,NA,NA,NA,NA,NA,NA,NA,0.8,10.1,0.1,0,NA,NA,NA,NA,NA,NA,NA,NA,NA,NA,"cbs"
"DWAYNEALLEN","TE","Dwayne Allen","IND",80,399,"0",NA,NA,NA,NA,NA,NA,NA,NA,2,18.5,0.2,0,NA,NA,NA,NA,NA,NA,NA,NA,NA,NA,"cbs"
"COBYFLEENER","TE","Coby Fleener","IND",81,400,"0",NA,NA,NA,NA,NA,NA,NA,NA,3.5,33.9,0.2,0,NA,NA,NA,NA,NA,NA,NA,NA,NA,NA,"cbs"
"JAMESCASEY","TE","James Casey","DEN",82,401,"0",NA,NA,NA,NA,NA,NA,NA,NA,0,0,0,0,NA,NA,NA,NA,NA,NA,NA,NA,NA,NA,"cbs"
"KHARILEE","TE","Khari Lee","CHI",83,402,"0",NA,NA,NA,NA,NA,NA,NA,NA,0,0,0,0,NA,NA,NA,NA,NA,NA,NA,NA,NA,NA,"cbs"
"JEROMECUNNINGHAM","TE","Jerome Cunningham","NYG",84,403,"0",NA,NA,NA,NA,NA,NA,NA,NA,0,0,0,0,NA,NA,NA,NA,NA,NA,NA,NA,NA,NA,"cbs"
"BLAKEBELL","TE","Blake Bell","SF",85,404,"0",NA,NA,NA,NA,NA,NA,NA,NA,0,0,0,0,NA,NA,NA,NA,NA,NA,NA,NA,NA,NA,"cbs"
"DANCARPENTER","K","Dan Carpenter","BUF",1,405,"0",NA,NA,NA,NA,NA,NA,NA,NA,NA,NA,NA,NA,NA,NA,NA,NA,NA,NA,NA,2.1,2.5,2.4,"cbs"
"MASONCROSBY","K","Mason Crosby","GB",2,406,"0",NA,NA,NA,NA,NA,NA,NA,NA,NA,NA,NA,NA,NA,NA,NA,NA,NA,NA,NA,1.5,1.7,2,"cbs"
"MATTBRYANT","K","Matt Bryant","ATL",3,407,"0",NA,NA,NA,NA,NA,NA,NA,NA,NA,NA,NA,NA,NA,NA,NA,NA,NA,NA,NA,1.6,1.9,2,"cbs"
"NICKFOLK","K","Nick Folk","NYJ",4,408,"0",NA,NA,NA,NA,NA,NA,NA,NA,NA,NA,NA,NA,NA,NA,NA,NA,NA,NA,NA,2,2.4,2.7,"cbs"
"KAIFORBATH","K","Kai Forbath","NO",5,409,"0",NA,NA,NA,NA,NA,NA,NA,NA,NA,NA,NA,NA,NA,NA,NA,NA,NA,NA,NA,1.6,2,2.8,"cbs"
"TRAVISCOONS","K","Travis Coons","CLE",6,410,"0",NA,NA,NA,NA,NA,NA,NA,NA,NA,NA,NA,NA,NA,NA,NA,NA,NA,NA,NA,1,1,1.2,"cbs"
"ROBBIEGOULD","K","Robbie Gould","CHI",7,411,"0",NA,NA,NA,NA,NA,NA,NA,NA,NA,NA,NA,NA,NA,NA,NA,NA,NA,NA,NA,1.4,1.5,1.9,"cbs"
"BLAIRWALSH","K","Blair Walsh","MIN",8,412,"0",NA,NA,NA,NA,NA,NA,NA,NA,NA,NA,NA,NA,NA,NA,NA,NA,NA,NA,NA,1.9,2.2,2.2,"cbs"
"STEPHENGOSTKOWSKI","K","Stephen Gostkowski","NE",9,413,"0",NA,NA,NA,NA,NA,NA,NA,NA,NA,NA,NA,NA,NA,NA,NA,NA,NA,NA,NA,2.8,2.9,3.8,"cbs"
"ADAMVINATIERI","K","Adam Vinatieri","IND",10,414,"0",NA,NA,NA,NA,NA,NA,NA,NA,NA,NA,NA,NA,NA,NA,NA,NA,NA,NA,NA,1.4,1.7,2.1,"cbs"
"RYANSUCCOP","K","Ryan Succop","TEN",11,415,"0",NA,NA,NA,NA,NA,NA,NA,NA,NA,NA,NA,NA,NA,NA,NA,NA,NA,NA,NA,1.2,1.3,1.7,"cbs"
"CALEBSTURGIS","K","Caleb Sturgis","PHI",12,416,"0",NA,NA,NA,NA,NA,NA,NA,NA,NA,NA,NA,NA,NA,NA,NA,NA,NA,NA,NA,1.7,2.1,2.2,"cbs"
"BRANDONMCMANUS","K","Brandon McManus","DEN",13,417,"0",NA,NA,NA,NA,NA,NA,NA,NA,NA,NA,NA,NA,NA,NA,NA,NA,NA,NA,NA,1.6,1.8,2.2,"cbs"
"ANDREWFRANKS","K","Andrew Franks","MIA",14,418,"0",NA,NA,NA,NA,NA,NA,NA,NA,NA,NA,NA,NA,NA,NA,NA,NA,NA,NA,NA,1.2,1.6,1.6,"cbs"
"DUSTINHOPKINS","K","Dustin Hopkins","WAS",15,419,"0",NA,NA,NA,NA,NA,NA,NA,NA,NA,NA,NA,NA,NA,NA,NA,NA,NA,NA,NA,1.3,1.4,1.4,"cbs"
"CHRISBOSWELL","K","Chris Boswell","PIT",16,420,"0",NA,NA,NA,NA,NA,NA,NA,NA,NA,NA,NA,NA,NA,NA,NA,NA,NA,NA,NA,2.1,2.4,2.5,"cbs"
"JOSHLAMBO","K","Josh Lambo","SD",17,421,"0",NA,NA,NA,NA,NA,NA,NA,NA,NA,NA,NA,NA,NA,NA,NA,NA,NA,NA,NA,2.1,2.4,2.7,"cbs"
"GREGZUERLEIN","K","Greg Zuerlein","STL",18,422,"0",NA,NA,NA,NA,NA,NA,NA,NA,NA,NA,NA,NA,NA,NA,NA,NA,NA,NA,NA,1.1,1.6,1.5,"cbs"
"JOSHSCOBEE","K","Josh Scobee","PIT",19,423,"0",NA,NA,NA,NA,NA,NA,NA,NA,NA,NA,NA,NA,NA,NA,NA,NA,NA,NA,NA,0,0,0,"cbs"
"KYLEBRINDZA","K","Kyle Brindza","TB",20,424,"0",NA,NA,NA,NA,NA,NA,NA,NA,NA,NA,NA,NA,NA,NA,NA,NA,NA,NA,NA,0,0,0,"cbs"
"JORDANGAY","K","Jordan Gay","BUF",21,425,"0",NA,NA,NA,NA,NA,NA,NA,NA,NA,NA,NA,NA,NA,NA,NA,NA,NA,NA,NA,0,0,0,"cbs"
"BILLYCUNDIFF","K","Billy Cundiff","BUF",22,426,"0",NA,NA,NA,NA,NA,NA,NA,NA,NA,NA,NA,NA,NA,NA,NA,NA,NA,NA,NA,0,0,0,"cbs"
"CONNORBARTH","K","Connor Barth","TB",23,427,"0",NA,NA,NA,NA,NA,NA,NA,NA,NA,NA,NA,NA,NA,NA,NA,NA,NA,NA,NA,1.6,1.6,2.1,"cbs"
"SEBASTIANJANIKOWSKI","K","Sebastian Janikowski","OAK",24,428,"0",NA,NA,NA,NA,NA,NA,NA,NA,NA,NA,NA,NA,NA,NA,NA,NA,NA,NA,NA,1.5,1.9,1.7,"cbs"
"DANBAILEY","K","Dan Bailey","DAL",25,429,"0",NA,NA,NA,NA,NA,NA,NA,NA,NA,NA,NA,NA,NA,NA,NA,NA,NA,NA,NA,1.5,1.6,1.8,"cbs"
"PHILDAWSON","K","Phil Dawson","SF",26,430,"0",NA,NA,NA,NA,NA,NA,NA,NA,NA,NA,NA,NA,NA,NA,NA,NA,NA,NA,NA,1.6,1.8,1.7,"cbs"
"GRAHAMGANO","K","Graham Gano","CAR",27,431,"0",NA,NA,NA,NA,NA,NA,NA,NA,NA,NA,NA,NA,NA,NA,NA,NA,NA,NA,NA,1.7,2.1,1.9,"cbs"
"MIKENUGENT","K","Mike Nugent","CIN",28,432,"0",NA,NA,NA,NA,NA,NA,NA,NA,NA,NA,NA,NA,NA,NA,NA,NA,NA,NA,NA,1.8,2.3,2.8,"cbs"
"JASONMYERS","K","Jason Myers","JAC",29,433,"0",NA,NA,NA,NA,NA,NA,NA,NA,NA,NA,NA,NA,NA,NA,NA,NA,NA,NA,NA,1.1,1.5,1.6,"cbs"
"OAKLANDRAIDERS","DST","Oakland Raiders","OAK",1,434,"0",NA,NA,NA,NA,NA,NA,NA,NA,NA,NA,NA,NA,346,1.9,0,0.7,0.6,0.8,0.1,NA,NA,NA,"cbs"
"CLEVELANDBROWNS","DST","Cleveland Browns","CLE",2,435,"0",NA,NA,NA,NA,NA,NA,NA,NA,NA,NA,NA,NA,403,1.2,0,1.2,0.8,1.2,0.2,NA,NA,NA,"cbs"
"ATLANTAFALCONS","DST","Atlanta Falcons","ATL",3,436,"0",NA,NA,NA,NA,NA,NA,NA,NA,NA,NA,NA,NA,325,2.7,0,1,0.8,1.2,0.1,NA,NA,NA,"cbs"
"TAMPABAYBUCCANEERS","DST","Tampa Bay Buccaneers","TB",4,437,"0",NA,NA,NA,NA,NA,NA,NA,NA,NA,NA,NA,NA,360,2.3,0,0.7,1.1,1.6,0.3,NA,NA,NA,"cbs"
"DENVERBRONCOS","DST","Denver Broncos","DEN",5,438,"0",NA,NA,NA,NA,NA,NA,NA,NA,NA,NA,NA,NA,296,2.6,0,1.4,1.1,1.6,0.2,NA,NA,NA,"cbs"
"WASHINGTONREDSKINS","DST","Washington Redskins","WAS",6,439,"0",NA,NA,NA,NA,NA,NA,NA,NA,NA,NA,NA,NA,452,2.1,0,0.4,0.8,1.1,0.1,NA,NA,NA,"cbs"
"SANDIEGOCHARGERS","DST","San Diego Chargers","SD",7,440,"0",NA,NA,NA,NA,NA,NA,NA,NA,NA,NA,NA,NA,369,2.2,0,0.9,0.7,1,0.1,NA,NA,NA,"cbs"
"DALLASCOWBOYS","DST","Dallas Cowboys","DAL",8,441,"0",NA,NA,NA,NA,NA,NA,NA,NA,NA,NA,NA,NA,419,2.2,0,1.2,1.3,1.8,0.2,NA,NA,NA,"cbs"
"NEWYORKJETS","DST","New York Jets","NYJ",9,442,"0",NA,NA,NA,NA,NA,NA,NA,NA,NA,NA,NA,NA,252,4,0,1.7,0.8,1.1,0.3,NA,NA,NA,"cbs"
"PITTSBURGHSTEELERS","DST","Pittsburgh Steelers","PIT",10,443,"0",NA,NA,NA,NA,NA,NA,NA,NA,NA,NA,NA,NA,342,2.2,0,0.9,1,1.4,0.2,NA,NA,NA,"cbs"
"MINNESOTAVIKINGS","DST","Minnesota Vikings","MIN",11,444,"0",NA,NA,NA,NA,NA,NA,NA,NA,NA,NA,NA,NA,307,2.7,0,1,0.8,1.1,0.3,NA,NA,NA,"cbs"
"CAROLINAPANTHERS","DST","Carolina Panthers","CAR",12,445,"0",NA,NA,NA,NA,NA,NA,NA,NA,NA,NA,NA,NA,327,2.5,0,0.7,0.7,1,0.1,NA,NA,NA,"cbs"
"PHILADELPHIAEAGLES","DST","Philadelphia Eagles","PHI",13,446,"0",NA,NA,NA,NA,NA,NA,NA,NA,NA,NA,NA,NA,320,2,0,1.4,0.9,1.2,0.1,NA,NA,NA,"cbs"
"STLOUISRAMS","DST","St. Louis Rams","STL",14,447,"0",NA,NA,NA,NA,NA,NA,NA,NA,NA,NA,NA,NA,307,3.7,0,1.2,1,1.4,0.2,NA,NA,NA,"cbs"
"INDIANAPOLISCOLTS","DST","Indianapolis Colts","IND",15,448,"0",NA,NA,NA,NA,NA,NA,NA,NA,NA,NA,NA,NA,431,1.4,0,1.2,0.6,0.8,0.2,NA,NA,NA,"cbs"
"SANFRANCISCO49ERS","DST","San Francisco 49ers","SF",16,449,"0",NA,NA,NA,NA,NA,NA,NA,NA,NA,NA,NA,NA,410,2.6,0,1,0.7,0.9,0.2,NA,NA,NA,"cbs"
"CINCINNATIBENGALS","DST","Cincinnati Bengals","CIN",17,450,"0",NA,NA,NA,NA,NA,NA,NA,NA,NA,NA,NA,NA,280,2.7,0.1,1.3,1.2,1.6,0.1,NA,NA,NA,"cbs"
"TENNESSEETITANS","DST","Tennessee Titans","TEN",18,451,"0",NA,NA,NA,NA,NA,NA,NA,NA,NA,NA,NA,NA,416,2.8,0,1,0.7,0.9,0.1,NA,NA,NA,"cbs"
"MIAMIDOLPHINS","DST","Miami Dolphins","MIA",19,452,"0",NA,NA,NA,NA,NA,NA,NA,NA,NA,NA,NA,NA,364,2.6,0,0.8,0.9,1.2,0.2,NA,NA,NA,"cbs"
"NEWORLEANSSAINTS","DST","New Orleans Saints","NO",20,453,"0",NA,NA,NA,NA,NA,NA,NA,NA,NA,NA,NA,NA,331,3.1,0,0.8,1.1,1.5,0.1,NA,NA,NA,"cbs"
"BUFFALOBILLS","DST","Buffalo Bills","BUF",21,454,"0",NA,NA,NA,NA,NA,NA,NA,NA,NA,NA,NA,NA,300,3.1,0,1.2,0.6,0.8,0.2,NA,NA,NA,"cbs"
"NEWYORKGIANTS","DST","New York Giants","NYG",22,455,"0",NA,NA,NA,NA,NA,NA,NA,NA,NA,NA,NA,NA,354,2.6,0,1.3,0.8,1,0.2,NA,NA,NA,"cbs"
"JACKSONVILLEJAGUARS","DST","Jacksonville Jaguars","JAC",23,456,"0",NA,NA,NA,NA,NA,NA,NA,NA,NA,NA,NA,NA,358,2.6,0,1,1,1.4,0.2,NA,NA,NA,"cbs"
"CHICAGOBEARS","DST","Chicago Bears","CHI",24,457,"0",NA,NA,NA,NA,NA,NA,NA,NA,NA,NA,NA,NA,390,2.4,0,1.2,0.7,1,0.1,NA,NA,NA,"cbs"
"NEWENGLANDPATRIOTS","DST","New England Patriots","NE",25,458,"0",NA,NA,NA,NA,NA,NA,NA,NA,NA,NA,NA,NA,338,2.7,0,1.4,0.7,0.9,0.1,NA,NA,NA,"cbs"
NA,"QB",NA,"All",70,459,NA,NA,NA,NA,NA,NA,NA,NA,NA,NA,NA,NA,NA,NA,NA,NA,NA,NA,NA,NA,NA,NA,NA,"cbs"
