"name","pos","sourceName","name_espn","team_espn","positionRank","overallRank","points","passAtt","passComp","passYds","passTds","passInt","rushAtt","rushYds","rushTds","rec","recYds","recTds"
"ADRIANPETERSON","RB","espn","Adrian Peterson","MIN",1,1,"9.9",0,0,0,0,0,19.2,88.5,0.2,2.3,19.4,0
"JONATHANSTEWART","RB","espn","Jonathan Stewart","CAR",2,2,"9.9",0,0,0,0,0,17.9,78.8,0.5,0.9,6.1,0
"GREENBAYPACKERS","DST","espn","Green Bay Packers","GB",1,3,"9.9",0,0,0,0,0,0,0,0,0,0,0
"JULIANEDELMAN","WR","espn","Julian Edelman","NE",1,4,"9.6",0,0,0,0,0,0.8,5,0,6.5,68.8,0.6
"DIONLEWIS","RB","espn","Dion Lewis","NE",3,5,"9.4",0,0,0,0,0,6.6,33.3,0.2,4.7,42.9,0.2
"NICKFOLES","QB","espn","Nick Foles","STL",1,6,"9.3",29.2,16.7,187.4,0.8,0.6,1.8,7.3,0.1,0,0,0
"MARTAVISBRYANT","WR","espn","Martavis Bryant","PIT",2,7,"9.3",0,0,0,0,0,0.4,2.5,0,4.3,66.7,0.6
"GREGOLSEN","TE","espn","Greg Olsen","CAR",1,8,"9",0,0,0,0,0,0,0,0,5.1,62,0.5
"BLAIRWALSH","K","espn","Blair Walsh","MIN",1,9,"9",0,0,0,0,0,0,0,0,0,0,0
"MATTBRYANT","K","espn","Matt Bryant","ATL",2,10,"9",0,0,0,0,0,0,0,0,0,0,0
"BUFFALOBILLS","DST","espn","Buffalo Bills","BUF",2,11,"9",0,0,0,0,0,0,0,0,0,0,0
"DEZBRYANT","WR","espn","Dez Bryant","DAL",3,12,"8.9",0,0,0,0,0,0,0,0,5.6,73.7,0.3
"FRANKGORE","RB","espn","Frank Gore","IND",4,13,"8.8",0,0,0,0,0,14.3,52.2,0.3,3.1,25.4,0.1
"LATAVIUSMURRAY","RB","espn","Latavius Murray","OAK",5,14,"8.7",0,0,0,0,0,15.1,60.4,0.2,2.5,19,0.1
"ALLENROBINSON","WR","espn","Allen Robinson","JAC",4,15,"8.7",0,0,0,0,0,0,0,0,5.3,75.8,0.3
"TYHILTON","WR","espn","T.Y. Hilton","IND",5,16,"8.7",0,0,0,0,0,0.1,0.7,0,5.2,72.5,0.3
"SAMMYWATKINS","WR","espn","Sammy Watkins","BUF",6,17,"8.6",0,0,0,0,0,0.3,2,0,4.3,60.2,0.4
"ERICDECKER","WR","espn","Eric Decker","NYJ",7,18,"8.6",0,0,0,0,0,0,0,0,4.8,65.5,0.4
"MICHAELCRABTREE","WR","espn","Michael Crabtree","OAK",8,19,"8.6",0,0,0,0,0,0,0,0,5.5,66.1,0.4
"DANNYWOODHEAD","RB","espn","Danny Woodhead","SD",6,20,"8.5",0,0,0,0,0,7.6,32.7,0.2,3.9,36.2,0.3
"MELVINGORDON","RB","espn","Melvin Gordon","SD",7,21,"8.5",0,0,0,0,0,16,63.6,0.2,2,14.3,0.1
"STEVIEJOHNSON","WR","espn","Stevie Johnson","SD",9,22,"8.5",0,0,0,0,0,0,0,0,4.7,65,0.4
"DESEANJACKSON","WR","espn","DeSean Jackson","WAS",10,23,"8.5",0,0,0,0,0,0.2,1.5,0,4.8,71.9,0.2
"STEPHENGOSTKOWSKI","K","espn","Stephen Gostkowski","NE",3,24,"8.5",0,0,0,0,0,0,0,0,0,0,0
"ANTONIOGATES","TE","espn","Antonio Gates","SD",2,25,"8.4",0,0,0,0,0,0,0,0,4.4,53.3,0.6
"CALEBSTURGIS","K","espn","Caleb Sturgis","PHI",4,26,"8.4",0,0,0,0,0,0,0,0,0,0,0
"MASONCROSBY","K","espn","Mason Crosby","GB",5,27,"8.4",0,0,0,0,0,0,0,0,0,0,0
"BRANDONMCMANUS","K","espn","Brandon McManus","DEN",6,28,"8.3",0,0,0,0,0,0,0,0,0,0,0
"ATLANTAFALCONS","DST","espn","Atlanta Falcons","ATL",3,29,"8.3",0,0,0,0,0,0,0,0,0,0,0
"EDDIELACY","RB","espn","Eddie Lacy","GB",8,30,"8.2",0,0,0,0,0,13.5,54.6,0.3,2.8,19.8,0.1
"AMARICOOPER","WR","espn","Amari Cooper","OAK",11,31,"8.1",0,0,0,0,0,0,0,0,5.3,61.3,0.4
"PHILDAWSON","K","espn","Phil Dawson","SF",7,32,"8.1",0,0,0,0,0,0,0,0,0,0,0
"DONTEMONCRIEF","WR","espn","Donte Moncrief","IND",12,33,"8",0,0,0,0,0,0.1,0.7,0,4.7,60.9,0.3
"MALCOMFLOYD","WR","espn","Malcom Floyd","SD",13,34,"7.9",0,0,0,0,0,0,0,0,3.3,58.4,0.5
"MIKENUGENT","K","espn","Mike Nugent","CIN",8,35,"7.9",0,0,0,0,0,0,0,0,0,0,0
"JOSHBROWN","K","espn","Josh Brown","NYG",9,36,"7.9",0,0,0,0,0,0,0,0,0,0,0
"BRANDONLAFELL","WR","espn","Brandon LaFell","NE",14,37,"7.8",0,0,0,0,0,0,0,0,4.1,53.7,0.5
"ANQUANBOLDIN","WR","espn","Anquan Boldin","SF",15,38,"7.8",0,0,0,0,0,0,0,0,5.3,63.1,0.3
"NICKFOLK","K","espn","Nick Folk","NYJ",10,39,"7.8",0,0,0,0,0,0,0,0,0,0,0
"ROBBIEGOULD","K","espn","Robbie Gould","CHI",11,40,"7.8",0,0,0,0,0,0,0,0,0,0,0
"JASONMYERS","K","espn","Jason Myers","JAC",12,41,"7.8",0,0,0,0,0,0,0,0,0,0,0
"DANCARPENTER","K","espn","Dan Carpenter","BUF",13,42,"7.8",0,0,0,0,0,0,0,0,0,0,0
"MINNESOTAVIKINGS","DST","espn","Minnesota Vikings","MIN",4,43,"7.8",0,0,0,0,0,0,0,0,0,0,0
"JORDANMATTHEWS","WR","espn","Jordan Matthews","PHI",16,44,"7.7",0,0,0,0,0,0,0,0,4.9,60.4,0.3
"TRAVISBENJAMIN","WR","espn","Travis Benjamin","CLE",17,45,"7.7",0,0,0,0,0,0,0,0,4.1,62.1,0.3
"JOSHLAMBO","K","espn","Josh Lambo","SD",14,46,"7.7",0,0,0,0,0,0,0,0,0,0,0
"DUSTINHOPKINS","K","espn","Dustin Hopkins","WAS",15,47,"7.7",0,0,0,0,0,0,0,0,0,0,0
"NEWENGLANDPATRIOTS","DST","espn","New England Patriots","NE",5,48,"7.7",0,0,0,0,0,0,0,0,0,0,0
"ANTONIOANDREWS","RB","espn","Antonio Andrews","TEN",9,49,"7.6",0,0,0,0,0,12.2,53,0.4,1.1,9,0
"PIERREGARCON","WR","espn","Pierre Garcon","WAS",18,50,"7.6",0,0,0,0,0,0,0,0,5,62.7,0.3
"KAIFORBATH","K","espn","Kai Forbath","NO",16,51,"7.6",0,0,0,0,0,0,0,0,0,0,0
"SEBASTIANJANIKOWSKI","K","espn","Sebastian Janikowski","OAK",17,52,"7.6",0,0,0,0,0,0,0,0,0,0,0
"ALLENHURNS","WR","espn","Allen Hurns","JAC",19,53,"7.5",0,0,0,0,0,0,0,0,4.7,63.5,0.3
"GRAHAMGANO","K","espn","Graham Gano","CAR",18,54,"7.5",0,0,0,0,0,0,0,0,0,0,0
"TRAVISCOONS","K","espn","Travis Coons","CLE",19,55,"7.5",0,0,0,0,0,0,0,0,0,0,0
"CINCINNATIBENGALS","DST","espn","Cincinnati Bengals","CIN",6,56,"7.5",0,0,0,0,0,0,0,0,0,0,0
"BRANDINCOOKS","WR","espn","Brandin Cooks","NO",20,57,"7.4",0,0,0,0,0,0.3,1.8,0,4.5,59.7,0.4
"JARVISLANDRY","WR","espn","Jarvis Landry","MIA",21,58,"7.4",0,0,0,0,0,1.1,8.7,0,5.7,57.9,0.3
"GREGZUERLEIN","K","espn","Greg Zuerlein","STL",20,59,"7.4",0,0,0,0,0,0,0,0,0,0,0
"TENNESSEETITANS","DST","espn","Tennessee Titans","TEN",7,60,"7.4",0,0,0,0,0,0,0,0,0,0,0
"CJSPILLER","RB","espn","C.J. Spiller","NO",10,61,"7.3",0,0,0,0,0,6.8,32.9,0.2,3.2,29,0.2
"JAMESJONES","WR","espn","James Jones","GB",22,62,"7.3",0,0,0,0,0,0,0,0,3.7,54.9,0.4
"ANDREWFRANKS","K","espn","Andrew Franks","MIA",21,63,"7.3",0,0,0,0,0,0,0,0,0,0,0
"WILLIESNEAD","WR","espn","Willie Snead","NO",23,64,"7.2",0,0,0,0,0,0,0,0,3.8,51.4,0.4
"DAVANTEADAMS","WR","espn","Davante Adams","GB",24,65,"7.1",0,0,0,0,0,0,0,0,4.2,59.3,0.3
"CHRISBOSWELL","K","espn","Chris Boswell","PIT",22,66,"7.1",0,0,0,0,0,0,0,0,0,0,0
"RYANSUCCOP","K","espn","Ryan Succop","TEN",23,67,"7.1",0,0,0,0,0,0,0,0,0,0,0
"DANBAILEY","K","espn","Dan Bailey","DAL",24,68,"7.1",0,0,0,0,0,0,0,0,0,0,0
"DELANIEWALKER","TE","espn","Delanie Walker","TEN",3,69,"7",0,0,0,0,0,0,0,0,5.1,58.5,0.4
"ADAMVINATIERI","K","espn","Adam Vinatieri","IND",25,70,"7",0,0,0,0,0,0,0,0,0,0,0
"DALLASCOWBOYS","DST","espn","Dallas Cowboys","DAL",8,71,"7",0,0,0,0,0,0,0,0,0,0,0
"CJANDERSON","RB","espn","C.J. Anderson","DEN",11,72,"6.9",0,0,0,0,0,10.1,41.5,0.3,1.8,14.7,0
"RUEBENRANDLE","WR","espn","Rueben Randle","NYG",25,73,"6.9",0,0,0,0,0,0,0,0,3.7,51,0.3
"RISHARDMATTHEWS","WR","espn","Rishard Matthews","MIA",26,74,"6.9",0,0,0,0,0,0,0,0,4.6,55.5,0.3
"MARTELLUSBENNETT","TE","espn","Martellus Bennett","CHI",4,75,"6.9",0,0,0,0,0,0,0,0,5,53.9,0.3
"JORDANREED","TE","espn","Jordan Reed","WAS",5,76,"6.8",0,0,0,0,0,0,0,0,5.2,53.7,0.3
"GARYBARNIDGE","TE","espn","Gary Barnidge","CLE",6,77,"6.8",0,0,0,0,0,0,0,0,4.6,58,0.3
"CONNORBARTH","K","espn","Connor Barth","TB",26,78,"6.7",0,0,0,0,0,0,0,0,0,0,0
"PHILADELPHIAEAGLES","DST","espn","Philadelphia Eagles","PHI",9,79,"6.7",0,0,0,0,0,0,0,0,0,0,0
"CHARLESSIMS","RB","espn","Charles Sims","TB",12,80,"6.6",0,0,0,0,0,8.5,34.1,0.2,2.8,23.3,0.1
"DEXTERMCCLUSTER","RB","espn","Dexter McCluster","TEN",13,81,"6.6",0,0,0,0,0,6.7,31.7,0.1,2.8,25.4,0.1
"DEXTERMCCLUSTER","WR","espn","Dexter McCluster","TEN",27,82,"6.6",0,0,0,0,0,6.7,31.7,0.1,2.8,25.4,0.1
"MARVINJONES","WR","espn","Marvin Jones","CIN",28,83,"6.6",0,0,0,0,0,0.7,4.3,0,3.3,46.5,0.4
"STEFONDIGGS","WR","espn","Stefon Diggs","MIN",29,84,"6.5",0,0,0,0,0,0.3,1.8,0,4.9,65.9,0.1
"ZACHERTZ","TE","espn","Zach Ertz","PHI",7,85,"6.5",0,0,0,0,0,0,0,0,3.9,50.2,0.3
"LARRYDONNELL","TE","espn","Larry Donnell","NYG",8,86,"6.5",0,0,0,0,0,0,0,0,3.9,45.2,0.4
"PITTSBURGHSTEELERS","DST","espn","Pittsburgh Steelers","PIT",10,87,"6.5",0,0,0,0,0,0,0,0,0,0,0
"SANDIEGOCHARGERS","DST","espn","San Diego Chargers","SD",11,88,"6.4",0,0,0,0,0,0,0,0,0,0,0
"MIAMIDOLPHINS","DST","espn","Miami Dolphins","MIA",12,89,"6.3",0,0,0,0,0,0,0,0,0,0,0
"BENJAMINWATSON","TE","espn","Benjamin Watson","NO",9,90,"6.2",0,0,0,0,0,0,0,0,3.5,40.2,0.4
"AUSTINSEFERIANJENKINS","TE","espn","Austin Seferian-Jenkins","TB",10,91,"6.2",0,0,0,0,0,0,0,0,3.6,43.7,0.4
"TJYELDON","RB","espn","T.J. Yeldon","JAC",14,92,"6.1",0,0,0,0,0,12.6,39.1,0.1,3,24.8,0.1
"TAMPABAYBUCCANEERS","DST","espn","Tampa Bay Buccaneers","TB",13,93,"6.1",0,0,0,0,0,0,0,0,0,0,0
"TEDGINN","WR","espn","Ted Ginn Jr.","CAR",30,94,"6",0,0,0,0,0,0.3,1.9,0,3.2,44,0.3
"TYLEREIFERT","TE","espn","Tyler Eifert","CIN",11,95,"6",0,0,0,0,0,0,0,0,3.2,37.5,0.5
"JORDANCAMERON","TE","espn","Jordan Cameron","MIA",12,96,"6",0,0,0,0,0,0,0,0,3.6,42.7,0.3
"HEATHMILLER","TE","espn","Heath Miller","PIT",13,97,"6",0,0,0,0,0,0,0,0,3.8,42.7,0.3
"JACKSONVILLEJAGUARS","DST","espn","Jacksonville Jaguars","JAC",14,98,"6",0,0,0,0,0,0,0,0,0,0,0
"NEWYORKGIANTS","DST","espn","New York Giants","NYG",15,99,"6",0,0,0,0,0,0,0,0,0,0,0
"ROBERTWOODS","WR","espn","Robert Woods","BUF",31,100,"5.9",0,0,0,0,0,0.3,2,0,3.3,45.7,0.3
"JUSTINHUNTER","WR","espn","Justin Hunter","TEN",32,101,"5.8",0,0,0,0,0,0,0,0,2.9,43.8,0.3
"RASHADJENNINGS","RB","espn","Rashad Jennings","NYG",15,102,"5.7",0,0,0,0,0,8.6,31.7,0.2,1.5,11.9,0.1
"VERNONDAVIS","TE","espn","Vernon Davis","DEN",14,103,"5.7",0,0,0,0,0,0,0,0,3.5,45.8,0.3
"JACOBTAMME","TE","espn","Jacob Tamme","ATL",15,104,"5.7",0,0,0,0,0,0,0,0,3.6,40.8,0.3
"LEONARDHANKERSON","WR","espn","Leonard Hankerson","ATL",33,105,"5.6",0,0,0,0,0,0,0,0,3.6,45.4,0.3
"DONTRELLEINMAN","WR","espn","Dontrelle Inman","SD",34,106,"5.6",0,0,0,0,0,0,0,0,2.8,41.1,0.3
"ANDREJOHNSON","WR","espn","Andre Johnson","IND",35,107,"5.6",0,0,0,0,0,0,0,0,3.6,45,0.3
"JULIUSTHOMAS","TE","espn","Julius Thomas","JAC",16,108,"5.6",0,0,0,0,0,0,0,0,4.4,47.8,0.3
"MIKEWALLACE","WR","espn","Mike Wallace","MIN",36,109,"5.5",0,0,0,0,0,0,0,0,3.4,51.7,0.1
"BILALPOWELL","RB","espn","Bilal Powell","NYJ",16,110,"5.4",0,0,0,0,0,6.2,24.2,0.1,3.2,25.2,0.1
"TAVONAUSTIN","WR","espn","Tavon Austin","STL",37,111,"5.4",0,0,0,0,0,1.6,12.6,0,3.1,33.7,0.1
"MARKUSWHEATON","WR","espn","Markus Wheaton","PIT",38,112,"5.4",0,0,0,0,0,0.1,0.8,0,3.2,45.9,0.2
"ANTONESMITH","RB","espn","Antone Smith","CHI",17,113,"5.3",0,0,0,0,0,6.9,37.5,0.2,1.4,11.8,0
"JASONWITTEN","TE","espn","Jason Witten","DAL",17,114,"5.2",0,0,0,0,0,0,0,0,3.8,43.9,0.2
"TAYLORGABRIEL","WR","espn","Taylor Gabriel","CLE",39,115,"5.1",0,0,0,0,0,0,0,0,3.4,45.1,0.2
"DORIALGREENBECKHAM","WR","espn","Dorial Green-Beckham","TEN",40,116,"5.1",0,0,0,0,0,0,0,0,2.4,35.9,0.3
"RICHARDRODGERS","TE","espn","Richard Rodgers","GB",18,117,"5.1",0,0,0,0,0,0,0,0,3.3,36.6,0.4
"CHICAGOBEARS","DST","espn","Chicago Bears","CHI",16,118,"5.1",0,0,0,0,0,0,0,0,0,0,0
"RYANMATHEWS","RB","espn","Ryan Mathews","PHI",18,119,"5",0,0,0,0,0,7.1,33.7,0.2,1.8,13.7,0
"JAMESSTARKS","RB","espn","James Starks","GB",19,120,"5",0,0,0,0,0,7.4,31,0.1,1.4,11.1,0.1
"CHRISTHOMPSON","RB","espn","Chris Thompson","WAS",20,121,"4.9",0,0,0,0,0,2.9,12.6,0.1,3.8,36.2,0.1
"SHANEVEREEN","RB","espn","Shane Vereen","NYG",21,122,"4.8",0,0,0,0,0,4.7,18.4,0.1,2.8,27.3,0.2
"SHAUNDRAUGHN","RB","espn","Shaun Draughn","SF",22,123,"4.8",0,0,0,0,0,9,29.2,0.3,1.5,12.1,0
"MATTJONES","RB","espn","Matt Jones","WAS",23,124,"4.8",0,0,0,0,0,9.6,39.8,0.3,0.9,6.9,0
"KARLOSWILLIAMS","RB","espn","Karlos Williams","BUF",24,125,"4.8",0,0,0,0,0,7.5,31.5,0.3,0.8,6.3,0
"HARRYDOUGLAS","WR","espn","Harry Douglas","TEN",41,126,"4.8",0,0,0,0,0,0.2,1.5,0,3.2,39.8,0.3
"CHARLESCLAY","TE","espn","Charles Clay","BUF",19,127,"4.8",0,0,0,0,0,0,0,0,3.6,39.8,0.3
"MARQUESCOLSTON","WR","espn","Marques Colston","NO",42,128,"4.7",0,0,0,0,0,0,0,0,2.9,39.4,0.3
"COBYFLEENER","TE","espn","Coby Fleener","IND",20,129,"4.7",0,0,0,0,0,0,0,0,3.3,39.5,0.3
"DUKEJOHNSON","RB","espn","Duke Johnson Jr.","CLE",25,130,"4.6",0,0,0,0,0,5.7,24.7,0.1,3,26.1,0.1
"DWAYNEHARRIS","WR","espn","Dwayne Harris","NYG",43,131,"4.6",0,0,0,0,0,0,0,0,2.6,30.4,0.2
"CAROLINAPANTHERS","DST","espn","Carolina Panthers","CAR",17,132,"4.6",0,0,0,0,0,0,0,0,0,0,0
"INDIANAPOLISCOLTS","DST","espn","Indianapolis Colts","IND",18,133,"4.5",0,0,0,0,0,0,0,0,0,0,0
"DONTEEADYE","WR","espn","Donteea Dye","TB",44,134,"4.4",0,0,0,0,0,0,0,0,2.4,32.4,0.2
"PIERRETHOMAS","RB","espn","Pierre Thomas","NO",26,135,"4.3",0,0,0,0,0,5.8,23.5,0.2,1.8,14.5,0
"JEREMYKERLEY","WR","espn","Jeremy Kerley","NYJ",45,136,"4.3",0,0,0,0,0,0,0,0,2.8,33.5,0.2
"DARRENSPROLES","RB","espn","Darren Sproles","PHI",27,137,"4.1",0,0,0,0,0,3.7,17.5,0.1,3.2,26.4,0.1
"MARQUESSWILSON","WR","espn","Marquess Wilson","CHI",46,138,"4.1",0,0,0,0,0,0,0,0,2.9,36.9,0.2
"TERRANCEWILLIAMS","WR","espn","Terrance Williams","DAL",47,139,"4.1",0,0,0,0,0,0,0,0,2.7,39.2,0.2
"ALFREDMORRIS","RB","espn","Alfred Morris","WAS",28,140,"4",0,0,0,0,0,8,32.1,0.2,0.6,4.7,0
"JAMISONCROWDER","WR","espn","Jamison Crowder","WAS",48,141,"4",0,0,0,0,0,0.2,1.5,0,3.4,38.4,0.1
"GARRETTCELEK","TE","espn","Garrett Celek","SF",21,142,"4",0,0,0,0,0,0,0,0,3.2,34.4,0.2
"JAREDCOOK","TE","espn","Jared Cook","STL",22,143,"4",0,0,0,0,0,0,0,0,2.7,31.4,0.2
"KENNYSTILLS","WR","espn","Kenny Stills","MIA",49,144,"3.9",0,0,0,0,0,0,0,0,2.3,33,0.2
"TORREYSMITH","WR","espn","Torrey Smith","SF",50,145,"3.9",0,0,0,0,0,0,0,0,2.2,35.4,0.2
"BRYANWALTERS","WR","espn","Bryan Walters","JAC",51,146,"3.9",0,0,0,0,0,0,0,0,3.1,37.3,0.1
"NELSONAGHOLOR","WR","espn","Nelson Agholor","PHI",52,147,"3.9",0,0,0,0,0,0,0,0,2.6,36.5,0.2
"KENNYBRITT","WR","espn","Kenny Britt","STL",53,148,"3.8",0,0,0,0,0,0,0,0,2.2,32.3,0.1
"MOHAMEDSANU","WR","espn","Mohamed Sanu","CIN",54,149,"3.7",0,0,0,0,0,0.3,2.2,0,2,25.6,0.3
"OAKLANDRAIDERS","DST","espn","Oakland Raiders","OAK",19,150,"3.7",0,0,0,0,0,0,0,0,0,0,0
"NEWORLEANSSAINTS","DST","espn","New Orleans Saints","NO",20,151,"3.6",0,0,0,0,0,0,0,0,0,0,0
"ISAIAHCROWELL","RB","espn","Isaiah Crowell","CLE",29,152,"3.5",0,0,0,0,0,8.2,36.6,0.1,0.8,6.3,0
"KENDALLGASKINS","RB","espn","Kendall Gaskins","SF",30,153,"3.5",0,0,0,0,0,7.4,24,0.2,0.9,7.1,0
"TEVINCOLEMAN","RB","espn","Tevin Coleman","ATL",31,154,"3.4",0,0,0,0,0,6.9,28.5,0.2,0.6,4.6,0
"LADARIUSGREEN","TE","espn","Ladarius Green","SD",23,155,"3.4",0,0,0,0,0,0,0,0,2.1,25.6,0.2
"DANNYAMENDOLA","WR","espn","Danny Amendola","NE",55,156,"3.3",0,0,0,0,0,0.3,1.7,0,2.1,22.1,0.2
"ANTHONYFASANO","TE","espn","Anthony Fasano","TEN",24,157,"3.3",0,0,0,0,0,0,0,0,1.8,20.5,0.2
"COREYBROWN","WR","espn","Corey Brown","CAR",56,158,"3.2",0,0,0,0,0,0.6,3.9,0,1.9,25.7,0.2
"DEVINFUNCHESS","WR","espn","Devin Funchess","CAR",57,159,"3.2",0,0,0,0,0,0,0,0,1.6,22,0.2
"CHRISHOGAN","WR","espn","Chris Hogan","BUF",58,160,"3.2",0,0,0,0,0,0,0,0,2.2,29.4,0.2
"ORLEANSDARKWA","RB","espn","Orleans Darkwa","NYG",32,161,"3",0,0,0,0,0,7,27.4,0.2,0.1,1,0
"MYCHALRIVERA","TE","espn","Mychal Rivera","OAK",25,162,"3",0,0,0,0,0,0,0,0,2.1,23.9,0.2
"TOMBRADY","QB","espn","Tom Brady","NE",2,163,"21.6",36.5,24.9,276.7,2.6,0.4,2.8,3.4,0.2,0,0,0
"MARCELREECE","RB","espn","Marcel Reece","OAK",33,164,"2.9",0,0,0,0,0,0.2,0.7,0,2.4,23.9,0.2
"JERRICHOCOTCHERY","WR","espn","Jerricho Cotchery","CAR",59,165,"2.8",0,0,0,0,0,0,0,0,1.8,22.2,0.1
"MARCMARIANI","WR","espn","Marc Mariani","CHI",60,166,"2.8",0,0,0,0,0,0,0,0,1.7,21.9,0.1
"RODDYWHITE","WR","espn","Roddy White","ATL",61,167,"2.8",0,0,0,0,0,0,0,0,2.1,26.3,0.1
"WASHINGTONREDSKINS","DST","espn","Washington Redskins","WAS",21,168,"2.8",0,0,0,0,0,0,0,0,0,0,0
"CHRISTINEMICHAEL","RB","espn","Christine Michael","DAL",34,169,"2.7",0,0,0,0,0,5.9,23.8,0.1,1.1,8.9,0
"RILEYCOOPER","WR","espn","Riley Cooper","PHI",62,170,"2.7",0,0,0,0,0,0,0,0,1.9,26.9,0.1
"JORDANNORWOOD","WR","espn","Jordan Norwood","DEN",63,171,"2.7",0,0,0,0,0,0,0,0,1.7,21.1,0.1
"CLEVELANDBROWNS","DST","espn","Cleveland Browns","CLE",22,172,"2.7",0,0,0,0,0,0,0,0,0,0,0
"AHMADBRADSHAW","RB","espn","Ahmad Bradshaw","IND",35,173,"2.6",0,0,0,0,0,3.8,15.1,0.1,1.6,11.9,0.1
"JEROMESIMPSON","WR","espn","Jerome Simpson","SF",64,174,"2.6",0,0,0,0,0,0,0,0,1.8,24.6,0.1
"BRIANQUICK","WR","espn","Brian Quick","STL",65,175,"2.6",0,0,0,0,0,0,0,0,1.4,20.3,0.1
"DWAYNEBOWE","WR","espn","Dwayne Bowe","CLE",66,176,"2.6",0,0,0,0,0,0,0,0,1.7,22.7,0.1
"VANCEMCDONALD","TE","espn","Vance McDonald","SF",26,177,"2.5",0,0,0,0,0,0,0,0,1.7,20.4,0.1
"MIKETOLBERT","RB","espn","Mike Tolbert","CAR",36,178,"2.4",0,0,0,0,0,2.9,11.2,0.2,1.1,7.7,0.1
"STEDMANBAILEY","WR","espn","Stedman Bailey","STL",67,179,"2.4",0,0,0,0,0,0,0,0,1.7,21,0.1
"KYLERUDOLPH","TE","espn","Kyle Rudolph","MIN",27,180,"2.4",0,0,0,0,0,0,0,0,2.6,27.9,0.1
"JARIUSWRIGHT","WR","espn","Jarius Wright","MIN",68,181,"2.3",0,0,0,0,0,0.1,0.9,0,1.9,25.5,0
"SCOTTCHANDLER","TE","espn","Scott Chandler","NE",28,182,"2.3",0,0,0,0,0,0,0,0,1.5,17.1,0.2
"JONASGRAY","RB","espn","Jonas Gray","MIA",37,183,"2.1",0,0,0,0,0,3.7,14.7,0.2,0.7,5.6,0
"JOSHHILL","TE","espn","Josh Hill","NO",29,184,"2",0,0,0,0,0,0,0,0,1.2,12.1,0.2
"PHILIPRIVERS","QB","espn","Philip Rivers","SD",3,185,"19.6",36.8,24,303.9,2.4,0.9,1.8,3.9,0,0,0,0
"AARONRODGERS","QB","espn","Aaron Rodgers","GB",4,186,"19.4",37.2,23.9,292.1,2,0.8,3.8,20.4,0.1,0,0,0
"DEVONTAFREEMAN","RB","espn","Devonta Freeman","ATL",38,187,"18.4",0,0,0,0,0,21.3,90.5,0.8,4.8,44.2,0.2
"CAMNEWTON","QB","espn","Cam Newton","CAR",5,188,"18.1",31.7,18,214,1.6,1.1,8.4,42.5,0.4,0,0,0
"BENROETHLISBERGER","QB","espn","Ben Roethlisberger","PIT",6,189,"17.8",38.1,24.6,311.1,2,0.9,2.1,6.2,0,0,0,0
"ELIMANNING","QB","espn","Eli Manning","NYG",7,190,"17.7",36,23.1,276.2,2.1,0.7,1.5,2.9,0,0,0,0
"ANDYDALTON","QB","espn","Andy Dalton","CIN",8,191,"17.5",29.5,17.8,220.7,2.1,0.6,4.4,12.8,0.2,0,0,0
"DREWBREES","QB","espn","Drew Brees","NO",9,192,"16.7",36.8,23.4,272.5,2.1,0.9,1.6,2.3,0.1,0,0,0
"PEYTONMANNING","QB","espn","Peyton Manning","DEN",10,193,"16.3",39.3,25.4,316.9,1.6,1,1.1,-0.3,0,0,0,0
"TYRODTAYLOR","QB","espn","Tyrod Taylor","BUF",11,194,"16.3",28.7,17.9,210.6,1.5,0.8,6.4,31.7,0.2,0,0,0
"MARCUSMARIOTA","QB","espn","Marcus Mariota","TEN",12,195,"15.9",33.3,21,250.9,1.8,0.9,2.7,17.5,0.1,0,0,0
"GENOSMITH","QB","espn","Geno Smith","NYJ",13,196,"15.9",32.6,20,238.7,1.6,0.8,4,20.8,0.1,0,0,0
"ANDREWLUCK","QB","espn","Andrew Luck","IND",14,197,"15.8",41,24.3,290.2,1.6,1.3,3.8,18.9,0.1,0,0,0
"MATTRYAN","QB","espn","Matt Ryan","ATL",15,198,"15.7",35.7,24.1,278,1.6,0.8,2.5,8.1,0.1,0,0,0
"RYANTANNEHILL","QB","espn","Ryan Tannehill","MIA",16,199,"15",38.8,23.1,254.7,1.6,1.1,2.2,10.3,0.1,0,0,0
"ANTONIOBROWN","WR","espn","Antonio Brown","PIT",69,200,"14.8",0,0,0,0,0,0.3,1.7,0,8.2,110.9,0.6
"JAMEISWINSTON","QB","espn","Jameis Winston","TB",17,201,"14.6",31,19.1,230.4,1.6,1.2,3.9,12.7,0.2,0,0,0
"BLAKEBORTLES","QB","espn","Blake Bortles","JAC",18,202,"14.3",40.4,23.9,278.9,1.2,1.1,3.1,17.6,0,0,0,0
"DEREKCARR","QB","espn","Derek Carr","OAK",19,203,"14",38.3,24,256.8,1.6,0.9,1.7,4.1,0,0,0,0
"MARKINGRAM","RB","espn","Mark Ingram","NO",39,204,"13.8",0,0,0,0,0,17.4,78.4,0.9,2.1,15.8,0.1
"JEREMYHILL","RB","espn","Jeremy Hill","CIN",40,205,"13.7",0,0,0,0,0,17.6,93.4,0.8,0.8,6.2,0
"JOHNNYMANZIEL","QB","espn","Johnny Manziel","CLE",20,206,"13.5",35.2,21.3,260.1,1.1,1.2,5.5,27.4,0.1,0,0,0
"JAYCUTLER","QB","espn","Jay Cutler","CHI",21,207,"13.3",33.3,20.9,242.1,1.3,0.9,2.5,11.8,0.1,0,0,0
"SAMBRADFORD","QB","espn","Sam Bradford","PHI",22,208,"13",37,23.8,265.5,1.1,0.7,1.9,4.9,0.1,0,0,0
"TODDGURLEY","RB","espn","Todd Gurley","STL",41,209,"13",0,0,0,0,0,18.2,86.3,0.7,1.7,13.4,0
"KIRKCOUSINS","QB","espn","Kirk Cousins","WAS",23,210,"12.8",40.6,25,290.1,1.2,1.3,1,3.1,0,0,0,0
"DEANGELOWILLIAMS","RB","espn","DeAngelo Williams","PIT",42,211,"12.6",0,0,0,0,0,19.1,87.4,0.4,3.1,23.4,0.1
"JULIOJONES","WR","espn","Julio Jones","ATL",70,212,"12.5",0,0,0,0,0,0,0,0,7.3,94.1,0.6
"AJGREEN","WR","espn","A.J. Green","CIN",71,213,"12.1",0,0,0,0,0,0,0,0,5.2,80.5,0.7
"CHRISIVORY","RB","espn","Chris Ivory","NYJ",43,214,"12",0,0,0,0,0,19.6,83.4,0.5,1.4,10.5,0.1
"DEMARYIUSTHOMAS","WR","espn","Demaryius Thomas","DEN",72,215,"12",0,0,0,0,0,0,0,0,7.7,99.7,0.5
"LESEANMCCOY","RB","espn","LeSean McCoy","BUF",44,216,"11.8",0,0,0,0,0,17.9,77.1,0.5,2.8,19.6,0.1
"ODELLBECKHAM","WR","espn","Odell Beckham Jr.","NYG",73,217,"11.6",0,0,0,0,0,0.3,1.7,0,6.6,86.5,0.6
"TEDDYBRIDGEWATER","QB","espn","Teddy Bridgewater","MIN",24,218,"11.4",30.6,19,230.2,0.4,0.7,4.2,20.6,0.1,0,0,0
"DEMARCOMURRAY","RB","espn","DeMarco Murray","PHI",45,219,"11.4",0,0,0,0,0,14.4,66.9,0.5,3.4,26.8,0.1
"DENVERBRONCOS","DST","espn","Denver Broncos","DEN",23,220,"11.3",0,0,0,0,0,0,0,0,0,0,0
"LEGARRETTEBLOUNT","RB","espn","LeGarrette Blount","NE",46,221,"11.1",0,0,0,0,0,14.5,73,0.7,0.3,2.2,0
"BLAINEGABBERT","QB","espn","Blaine Gabbert","SF",25,222,"11",34.1,20.9,241,1,1,2,5.9,0.1,0,0,0
"DOUGMARTIN","RB","espn","Doug Martin","TB",47,223,"11",0,0,0,0,0,18.3,76.4,0.4,2.3,18.9,0.1
"LAMARMILLER","RB","espn","Lamar Miller","MIA",48,224,"11",0,0,0,0,0,14.1,61.4,0.4,2.8,21.3,0.1
"ALSHONJEFFERY","WR","espn","Alshon Jeffery","CHI",74,225,"11",0,0,0,0,0,0.3,1.7,0,6.1,83.5,0.5
"RANDALLCOBB","WR","espn","Randall Cobb","GB",75,226,"11",0,0,0,0,0,0.5,3.1,0,6.6,88.3,0.5
"JEREMYLANGFORD","RB","espn","Jeremy Langford","CHI",49,227,"10.9",0,0,0,0,0,15.9,70.6,0.5,2.3,18.4,0.1
"ROBGRONKOWSKI","TE","espn","Rob Gronkowski","NE",30,228,"10.8",0,0,0,0,0,0,0,0,5.1,62.8,0.8
"STLOUISRAMS","DST","espn","St. Louis Rams","STL",24,229,"10.7",0,0,0,0,0,0,0,0,0,0,0
"MIKEEVANS","WR","espn","Mike Evans","TB",76,230,"10.6",0,0,0,0,0,0,0,0,5.1,76.8,0.6
"DARRENMCFADDEN","RB","espn","Darren McFadden","DAL",50,231,"10.5",0,0,0,0,0,18.9,67.1,0.3,3.4,28.8,0.1
"EMMANUELSANDERS","WR","espn","Emmanuel Sanders","DEN",77,232,"10.5",0,0,0,0,0,0.3,1.8,0,6.3,88.5,0.4
"BRANDONMARSHALL","WR","espn","Brandon Marshall","NYJ",78,233,"10.3",0,0,0,0,0,0,0,0,5.9,78.4,0.6
"NEWYORKJETS","DST","espn","New York Jets","NYJ",25,234,"10.3",0,0,0,0,0,0,0,0,0,0,0
"MATTCASSEL","QB","espn","Matt Cassel","DAL",26,235,"10.2",31.6,19.5,225.2,1,1.2,2.9,8.8,0.1,0,0,0
"GIOVANIBERNARD","RB","espn","Giovani Bernard","CIN",51,236,"10.2",0,0,0,0,0,10.4,55.2,0.4,2.7,20.5,0.1
"RONNIEHILLMAN","RB","espn","Ronnie Hillman","DEN",52,237,"10.1",0,0,0,0,0,14.9,62.9,0.5,1.8,15,0.1
"WILLTYE","TE","espn","Will Tye","NYG",31,238,"1.9",0,0,0,0,0,0,0,0,1.5,17.5,0.2
"DIONSIMS","TE","espn","Dion Sims","MIA",32,239,"1.9",0,0,0,0,0,0,0,0,1.6,17.3,0.2
"GRIFFWHALEN","WR","espn","Griff Whalen","IND",79,240,"1.8",0,0,0,0,0,0,0,0,1.3,17.8,0.1
"LANCEKENDRICKS","TE","espn","Lance Kendricks","STL",33,241,"1.8",0,0,0,0,0,0,0,0,1.7,18.3,0.1
"ANDREWILLIAMS","RB","espn","Andre Williams","NYG",53,242,"1.7",0,0,0,0,0,4.4,16.1,0.1,0.1,1,0
"BISHOPSANKEY","RB","espn","Bishop Sankey","TEN",54,243,"1.7",0,0,0,0,0,2.5,12.3,0.1,1.1,9,0
"RUSSELLSHEPARD","WR","espn","Russell Shepard","TB",80,244,"1.7",0,0,0,0,0,0,0,0,1.3,16.9,0.1
"MICHAELHOOMANAWANUI","TE","espn","Michael Hoomanawanui","NO",34,245,"1.7",0,0,0,0,0,0,0,0,0.9,10.1,0.1
"DWAYNEALLEN","TE","espn","Dwayne Allen","IND",35,246,"1.7",0,0,0,0,0,0,0,0,1.5,15.9,0.1
"CLIVEWALFORD","TE","espn","Clive Walford","OAK",36,247,"1.7",0,0,0,0,0,0,0,0,1.3,15.2,0.1
"TREMASON","RB","espn","Tre Mason","STL",55,248,"1.6",0,0,0,0,0,4.3,19.1,0.1,0.2,1.5,0
"BENJAMINCUNNINGHAM","RB","espn","Benjamin Cunningham","STL",56,249,"1.6",0,0,0,0,0,1.6,7.1,0,1.9,15,0.1
"JORDANTODMAN","RB","espn","Jordan Todman","PIT",57,250,"1.6",0,0,0,0,0,3.3,13.3,0.1,0.6,4.7,0
"DEVINSMITH","WR","espn","Devin Smith","NYJ",81,251,"1.6",0,0,0,0,0,0,0,0,1,14.9,0.1
"GREGJENNINGS","WR","espn","Greg Jennings","MIA",82,252,"1.6",0,0,0,0,0,0,0,0,1.2,15.8,0.1
"TYMONTGOMERY","WR","espn","Ty Montgomery","GB",83,253,"1.6",0,0,0,0,0,0.2,1.5,0,0.7,10.3,0.1
"EDDICKSON","TE","espn","Ed Dickson","CAR",37,254,"1.6",0,0,0,0,0,0,0,0,1.3,15.3,0.1
"MARCEDESLEWIS","TE","espn","Marcedes Lewis","JAC",38,255,"1.6",0,0,0,0,0,0,0,0,1.3,14.2,0.1
"SANFRANCISCO49ERS","DST","espn","San Francisco 49ers","SF",26,256,"1.6",0,0,0,0,0,0,0,0,0,0,0
"STEVANRIDLEY","RB","espn","Stevan Ridley","NYJ",58,257,"1.5",0,0,0,0,0,3.4,13.7,0.1,0.1,1,0
"SETHROBERTS","WR","espn","Seth Roberts","OAK",84,258,"1.5",0,0,0,0,0,0,0,0,1.4,14.2,0.1
"DARRIUSHEYWARDBEY","WR","espn","Darrius Heyward-Bey","PIT",85,259,"1.5",0,0,0,0,0,0,0,0,0.9,13.1,0.1
"MARLONMOORE","WR","espn","Marlon Moore","CLE",86,260,"1.5",0,0,0,0,0,0,0,0,1.3,17.9,0.1
"COLEBEASLEY","WR","espn","Cole Beasley","DAL",87,261,"1.5",0,0,0,0,0,0,0,0,1.5,14.9,0.1
"OWENDANIELS","TE","espn","Owen Daniels","DEN",39,262,"1.5",0,0,0,0,0,0,0,0,1,11.1,0.1
"TAIWANJONES","RB","espn","Taiwan Jones","OAK",59,263,"1.4",0,0,0,0,0,1.7,6.9,0,1.4,10.4,0.1
"DEREKCARRIER","TE","espn","Derek Carrier","WAS",40,264,"1.4",0,0,0,0,0,0,0,0,1,11,0.1
"BLAKEBELL","TE","espn","Blake Bell","SF",41,265,"1.4",0,0,0,0,0,0,0,0,1.1,12.8,0.1
"ROBERTTURBIN","RB","espn","Robert Turbin","CLE",60,266,"1.3",0,0,0,0,0,4.3,18.7,0,0.5,4.2,0
"JERICKMCKINNON","RB","espn","Jerick McKinnon","MIN",61,267,"1.2",0,0,0,0,0,4.1,18.5,0,0.3,2.1,0
"CHARLESJOHNSON","WR","espn","Charles Johnson","MIN",88,268,"1.2",0,0,0,0,0,0,0,0,1,15,0
"AUSTINJOHNSON","RB","espn","Austin Johnson","NO",62,269,"0.7",0,0,0,0,0,1.1,3.3,0.1,0.5,4.4,0
"JACOBYJONES","WR","espn","Jacoby Jones","SD",89,270,"0.6",0,0,0,0,0,0,0,0,0.5,6.8,0
"JOSHHUFF","WR","espn","Josh Huff","PHI",90,271,"0.5",0,0,0,0,0,0,0,0,0.8,9.4,0
"JEFFCUMBERLAND","TE","espn","Jeff Cumberland","NYJ",42,272,"0.5",0,0,0,0,0,0,0,0,0.7,7.9,0.1
"MARCUSMURPHY","RB","espn","Marcus Murphy","NO",63,273,"0.4",0,0,0,0,0,0.5,2.2,0,0.3,2.2,0
"KADEEMCAREY","RB","espn","Ka'Deem Carey","CHI",64,274,"0.4",0,0,0,0,0,2.1,9.8,0.1,0.6,4.7,0
"FOZZYWHITTAKER","RB","espn","Fozzy Whittaker","CAR",65,275,"0.4",0,0,0,0,0,0.6,2.3,0,1.1,8.1,0
"BRANDONCOLEMAN","WR","espn","Brandon Coleman","NO",91,276,"0.4",0,0,0,0,0,0,0,0,0.7,9.3,0.1
"ADAMHUMPHRIES","WR","espn","Adam Humphries","TB",92,277,"0.4",0,0,0,0,0,0,0,0,0.7,9.1,0.1
"LEESMITH","TE","espn","Lee Smith","OAK",43,278,"0.4",0,0,0,0,0,0,0,0,0.8,8.9,0.1
"BRANDONMYERS","TE","espn","Brandon Myers","TB",44,279,"0.4",0,0,0,0,0,0,0,0,0.6,7.4,0.1
"DAMIENWILLIAMS","RB","espn","Damien Williams","MIA",66,280,"0.3",0,0,0,0,0,1.1,4,0,0.5,3.7,0
"JOHNKUHN","RB","espn","John Kuhn","GB",67,281,"0.3",0,0,0,0,0,0.5,1.5,0,0.6,4.7,0
"TOBYGERHART","RB","espn","Toby Gerhart","JAC",68,282,"0.3",0,0,0,0,0,2.8,8.6,0,0.8,6.5,0
"JAMESWHITE","RB","espn","James White","NE",69,283,"0.3",0,0,0,0,0,0.8,3.3,0,0.3,2.3,0
"ROYHELU","RB","espn","Roy Helu","OAK",70,284,"0.3",0,0,0,0,0,1.9,7.3,0,0.8,6.5,0
"BOBBYRAINEY","RB","espn","Bobby Rainey","TB",71,285,"0.3",0,0,0,0,0,0.1,0.6,0,0.2,1.9,0
"DRIARCHER","RB","espn","Dri Archer","PIT",72,286,"0.3",0,0,0,0,0,0.8,2.9,0,0.3,2.4,0
"ANDRECALDWELL","WR","espn","Andre Caldwell","DEN",93,287,"0.3",0,0,0,0,0,0,0,0,0.7,9.9,0.1
"ANDREHOLMES","WR","espn","Andre Holmes","OAK",94,288,"0.3",0,0,0,0,0,0,0,0,0.7,8.7,0.1
"NICKWILLIAMS","WR","espn","Nick Williams","ATL",95,289,"0.3",0,0,0,0,0,0,0,0,0.7,9,0
"BRUCEELLINGTON","WR","espn","Bruce Ellington","SF",96,290,"0.3",0,0,0,0,0,0,0,0,0.2,2.4,0
"JIMDRAY","TE","espn","Jim Dray","CLE",45,291,"0.3",0,0,0,0,0,0,0,0,0.9,9.9,0.1
"JUSTINPERILLO","TE","espn","Justin Perillo","GB",46,292,"0.3",0,0,0,0,0,0,0,0,0.4,5.1,0.1
"BRENTCELEK","TE","espn","Brent Celek","PHI",47,293,"0.3",0,0,0,0,0,0,0,0,0.7,8,0
"MATTASIATA","RB","espn","Matt Asiata","MIN",73,294,"0.2",0,0,0,0,0,1.6,6.6,0,1.3,9.6,0
"DONALDBROWN","RB","espn","Donald Brown","SD",74,295,"0.2",0,0,0,0,0,0.8,3,0,0.6,4.6,0
"DENARDROBINSON","RB","espn","Denard Robinson","JAC",75,296,"0.2",0,0,0,0,0,2.1,6.4,0,1.1,7.7,0
"TERRONWARD","RB","espn","Terron Ward","ATL",76,297,"0.2",0,0,0,0,0,0.1,0.6,0,0.9,7.1,0
"BRUCEMILLER","RB","espn","Bruce Miller","SF",77,298,"0.2",0,0,0,0,0,0,0,0,0.9,8.2,0
"CAMERONARTISPAYNE","RB","espn","Cameron Artis-Payne","CAR",78,299,"0.2",0,0,0,0,0,0.9,3.4,0,0,0,0
"JOSHUABELLAMY","WR","espn","Joshua Bellamy","CHI",97,300,"0.2",0,0,0,0,0,0,0,0,0.6,7.3,0
"MILESAUSTIN","WR","espn","Miles Austin","PHI",98,301,"0.2",0,0,0,0,0,0,0,0,0.6,8.5,0
"BENNIEFOWLER","WR","espn","Bennie Fowler","DEN",99,302,"0.2",0,0,0,0,0,0,0,0,0.5,6.6,0
"LUCKYWHITEHEAD","WR","espn","Lucky Whitehead","DAL",100,303,"0.2",0,0,0,0,0,1.1,7.4,0,0,0,0
"QUINTONPATTON","WR","espn","Quinton Patton","SF",101,304,"0.2",0,0,0,0,0,0,0,0,0.5,7,0
"CORDARRELLEPATTERSON","WR","espn","Cordarrelle Patterson","MIN",102,305,"0.2",0,0,0,0,0,0.1,0.9,0,0.1,1.2,0
"MARCUSEASLEY","WR","espn","Marcus Easley","BUF",103,306,"0.2",0,0,0,0,0,0,0,0,0.3,4.5,0
"ERICWEEMS","WR","espn","Eric Weems","ATL",104,307,"0.2",0,0,0,0,0,0,0,0,0,0,0
"AARONDOBSON","WR","espn","Aaron Dobson","NE",105,308,"0.2",0,0,0,0,0,0,0,0,0.2,3.2,0
"CHRISGRAGG","TE","espn","Chris Gragg","BUF",48,309,"0.2",0,0,0,0,0,0,0,0,0.4,4.2,0
"RYANHEWITT","TE","espn","Ryan Hewitt","CIN",49,310,"0.2",0,0,0,0,0,0,0,0,0.4,3.3,0
"GAVINESCOBAR","TE","espn","Gavin Escobar","DAL",50,311,"0.2",0,0,0,0,0,0,0,0,0.6,6.5,0
"MICHAELWILLIAMS","TE","espn","Michael Williams","NE",51,312,"0.2",0,0,0,0,0,0,0,0,0.2,2.7,0
"MALCOLMJOHNSON","TE","espn","Malcolm Johnson","CLE",52,313,"0.2",0,0,0,0,0,0,0,0,0.8,6.6,0
"MATTSPAETH","TE","espn","Matt Spaeth","PIT",53,314,"0.2",0,0,0,0,0,0,0,0,0.2,2.8,0
"RODSMITH","RB","espn","Rod Smith","DAL",79,315,"0.1",0,0,0,0,0,1.1,4,0,0.2,1.7,0
"REXBURKHEAD","RB","espn","Rex Burkhead","CIN",80,316,"0.1",0,0,0,0,0,0.3,1.6,0,0.2,1.7,0
"PATRICKDIMARCO","RB","espn","Patrick DiMarco","ATL",81,317,"0.1",0,0,0,0,0,0.1,0.5,0,0.3,2.4,0
"JAMIZEOLAWALE","RB","espn","Jamize Olawale","OAK",82,318,"0.1",0,0,0,0,0,1.7,6.2,0,0,0,0
"DARRELYOUNG","RB","espn","Darrel Young","WAS",83,319,"0.1",0,0,0,0,0,0.4,1.4,0,0.1,1.2,0
"JEROMEFELTON","RB","espn","Jerome Felton","BUF",84,320,"0.1",0,0,0,0,0,0.3,1,0,0,0,0
"ZACSTACY","RB","espn","Zac Stacy","NYJ",85,321,"0.1",0,0,0,0,0,0,0,0,0,0,0
"BOOBIEDIXON","RB","espn","Boobie Dixon","BUF",86,322,"0.1",0,0,0,0,0,0.3,1.1,0,0.1,0.8,0
"JUWANTHOMPSON","RB","espn","Juwan Thompson","DEN",87,323,"0.1",0,0,0,0,0,0.3,1.1,0,0.1,1.2,0
"DANIELHERRON","RB","espn","Daniel Herron","BUF",88,324,"0.1",0,0,0,0,0,0,0,0,0,0,0
"BRANDONBOLDEN","RB","espn","Brandon Bolden","NE",89,325,"0.1",0,0,0,0,0,0.3,1.1,0,0,0,0
"JALSTONFOWLER","RB","espn","Jalston Fowler","TEN",90,326,"0.1",0,0,0,0,0,0.2,0.7,0,0,0,0
"TYLERCLUTTS","RB","espn","Tyler Clutts","DAL",91,327,"0.1",0,0,0,0,0,0,0,0,0.2,1.8,0
"BRANDONTATE","WR","espn","Brandon Tate","CIN",106,328,"0.1",0,0,0,0,0,0,0,0,0,0,0
"DENARIUSMOORE","WR","espn","Denarius Moore","BUF",107,329,"0.1",0,0,0,0,0,0,0,0,0,0,0
"JEFFJANIS","WR","espn","Jeff Janis","GB",108,330,"0.1",0,0,0,0,0,0,0,0,0.2,3.4,0
"MYLESWHITE","WR","espn","Myles White","NYG",109,331,"0.1",0,0,0,0,0,0,0,0,0.2,2.9,0
"GEREMYDAVIS","WR","espn","Geremy Davis","NYG",110,332,"0.1",0,0,0,0,0,0,0,0,0.2,2.8,0
"RASHADROSS","WR","espn","Rashad Ross","WAS",111,333,"0.1",0,0,0,0,0,0,0,0,0,0,0
"DEVANTEPARKER","WR","espn","DeVante Parker","MIA",112,334,"0.1",0,0,0,0,0,0,0,0,0.2,3,0
"CODYLATIMER","WR","espn","Cody Latimer","DEN",113,335,"0.1",0,0,0,0,0,0,0,0,0.2,3.3,0
"BRENTONBERSIN","WR","espn","Brenton Bersin","CAR",114,336,"0.1",0,0,0,0,0,0,0,0,0.2,2.1,0
"ANDREROBERTS","WR","espn","Andre Roberts","WAS",115,337,"0.1",0,0,0,0,0,0,0,0,0.2,3.2,0
"CAMERONMEREDITH","WR","espn","Cameron Meredith","CHI",116,338,"0.1",0,0,0,0,0,0,0,0,0.2,2.4,0
"DEVINSTREET","WR","espn","Devin Street","DAL",117,339,"0.1",0,0,0,0,0,0,0,0,0.2,2.4,0
"JAMESHANNA","TE","espn","James Hanna","DAL",54,340,"0.1",0,0,0,0,0,0,0,0,0.4,4.4,0
"JACKDOYLE","TE","espn","Jack Doyle","IND",55,341,"0.1",0,0,0,0,0,0,0,0,0.2,2.8,0
"TONYMOEAKI","TE","espn","Tony Moeaki","ATL",56,342,"0.1",0,0,0,0,0,0,0,0,0.2,2.7,0
"LEVINETOILOLO","TE","espn","Levine Toilolo","ATL",57,343,"0.1",0,0,0,0,0,0,0,0,0.2,2.6,0
"CRAIGSTEVENS","TE","espn","Craig Stevens","TEN",58,344,"0.1",0,0,0,0,0,0,0,0,0.2,2.6,0
"KELLENDAVIS","TE","espn","Kellen Davis","NYJ",59,345,"0.1",0,0,0,0,0,0,0,0,0.2,1.9,0
"CLAYHARBOR","TE","espn","Clay Harbor","JAC",60,346,"0.1",0,0,0,0,0,0,0,0,0.2,2.6,0
"ROBHOUSLER","TE","espn","Rob Housler","CLE",61,347,"0.1",0,0,0,0,0,0,0,0,0.2,2.6,0
"RHETTELLISON","TE","espn","Rhett Ellison","MIN",62,348,"0.1",0,0,0,0,0,0,0,0,0.6,5.2,0
"VIRGILGREEN","TE","espn","Virgil Green","DEN",63,349,"0.1",0,0,0,0,0,0,0,0,0.1,1.5,0
"MYCOLEPRUITT","TE","espn","MyCole Pruitt","MIN",64,350,"0.1",0,0,0,0,0,0,0,0,0.4,4.7,0
"LUKESTOCKER","TE","espn","Luke Stocker","TB",65,351,"0.1",0,0,0,0,0,0,0,0,0.1,1.2,0
"MATTHEWMULLIGAN","TE","espn","Matthew Mulligan","BUF",66,352,"0.1",0,0,0,0,0,0,0,0,0.1,1.1,0
"JIMMYGAROPPOLO","QB","espn","Jimmy Garoppolo","NE",27,353,"0",0.2,0.1,1.2,0,0,0,0,0,0,0,0
"KELLENCLEMENS","QB","espn","Kellen Clemens","SD",28,354,"0",0.2,0.1,1.4,0,0,0,0,0,0,0,0
"AJMCCARRON","QB","espn","AJ McCarron","CIN",29,355,"0",0.1,0.1,1,0,0,0,0,0,0,0,0
"MIKEGLENNON","QB","espn","Mike Glennon","TB",30,356,"0",0.2,0.1,1.3,0,0,0,0,0,0,0,0
"ZACHMETTENBERGER","QB","espn","Zach Mettenberger","TEN",31,357,"0",0.2,0.1,1.3,0,0,0,0,0,0,0,0
"RYANNASSIB","QB","espn","Ryan Nassib","NYG",32,358,"0",0.2,0.1,1.2,0,0,0,0,0,0,0,0
"LUKEMCCOWN","QB","espn","Luke McCown","NO",33,359,"0",0.2,0.1,1.2,0,0,0,0,0,0,0,0
"BRYCEPETTY","QB","espn","Bryce Petty","NYJ",34,360,"0",0.2,0.1,1.2,0,0,0,0,0,0,0,0
"EJMANUEL","QB","espn","EJ Manuel","BUF",35,361,"0",0.2,0.1,1.1,0,0,0,0,0,0,0,0
"DEREKANDERSON","QB","espn","Derek Anderson","CAR",36,362,"0",0.2,0.1,1.1,0,0,0,0,0,0,0,0
"SCOTTTOLZIEN","QB","espn","Scott Tolzien","GB",37,363,"0",0.2,0.1,1.4,0,0,0,0,0,0,0,0
"BROCKOSWEILER","QB","espn","Brock Osweiler","DEN",38,364,"0",0.2,0.1,1.4,0,0,0,0,0,0,0,0
"LANDRYJONES","QB","espn","Landry Jones","PIT",39,365,"0",0.2,0.1,1.3,0,0,0,0,0,0,0,0
"MATTHASSELBECK","QB","espn","Matt Hasselbeck","IND",40,366,"0",0.2,0.1,1.6,0,0,0,0,0,0,0,0
"JIMMYCLAUSEN","QB","espn","Jimmy Clausen","CHI",41,367,"0",0.2,0.1,1.1,0,0,0,0,0,0,0,0
"MATTMOORE","QB","espn","Matt Moore","MIA",42,368,"0",0.2,0.1,1.2,0,0,0,0,0,0,0,0
"MATTMCGLOIN","QB","espn","Matt McGloin","OAK",43,369,"0",0.2,0.1,1.2,0,0,0,0,0,0,0,0
"COLINKAEPERNICK","QB","espn","Colin Kaepernick","SF",44,370,"0",0.2,0.1,1.1,0,0,0,0.1,0,0,0,0
"AUSTINDAVIS","QB","espn","Austin Davis","CLE",45,371,"0",0.2,0.1,1.5,0,0,0,0,0,0,0,0
"SEANRENFREE","QB","espn","Sean Renfree","ATL",46,372,"0",0.2,0.1,1.2,0,0,0,0,0,0,0,0
"MARKSANCHEZ","QB","espn","Mark Sanchez","PHI",47,373,"0",0.2,0.1,1.3,0,0,0,0,0,0,0,0
"CHADHENNE","QB","espn","Chad Henne","JAC",48,374,"0",0.2,0.1,1.4,0,0,0,0,0,0,0,0
"CASEKEENUM","QB","espn","Case Keenum","STL",49,375,"0",0.1,0.1,0.9,0,0,0,0,0,0,0,0
"BRANDONWEEDEN","QB","espn","Brandon Weeden","DAL",50,376,"0",0.2,0.1,1.2,0,0,0,0,0,0,0,0
"COLTMCCOY","QB","espn","Colt McCoy","WAS",51,377,"0",0.2,0.1,1.3,0,0,0,0,0,0,0,0
"MIKEVICK","QB","espn","Mike Vick","PIT",52,378,"0",0,0,0,0,0,0,0,0,0,0,0
"JOSHMCCOWN","QB","espn","Josh McCown","CLE",53,379,"0",0,0,0,0,0,0,0,0,0,0,0
"TONYROMO","QB","espn","Tony Romo","DAL",54,380,"0",0,0,0,0,0,0,0,0,0,0,0
"RYANFITZPATRICK","QB","espn","Ryan Fitzpatrick","NYJ",55,381,"0",0,0,0,0,0,0,0,0,0,0,0
"CHARLIEWHITEHURST","QB","espn","Charlie Whitehurst","TEN",56,382,"0",0,0,0,0,0,0,0,0,0,0,0
"BRUCEGRADKOWSKI","QB","espn","Bruce Gradkowski","PIT",57,383,"0",0,0,0,0,0,0,0,0,0,0,0
"JOSHJOHNSON","QB","espn","Josh Johnson","BUF",58,384,"0",0,0,0,0,0,0,0,0,0,0,0
"JOEWEBB","QB","espn","Joe Webb","CAR",59,385,"0",0,0,0,0,0,0,0,0,0,0,0
"RICKYSTANZI","QB","espn","Ricky Stanzi","NYG",60,386,"0",0,0,0,0,0,0,0,0,0,0,0
"ROBERTGRIFFIN","QB","espn","Robert Griffin","WAS",61,387,"0",0,0,0,0,0,0,0,0,0,0,0
"KELLENMOORE","QB","espn","Kellen Moore","DAL",62,388,"0",0,0,0,0,0,0,0,0,0,0,0
"GJKINNE","QB","espn","G.J. Kinne","PHI",63,389,"0",0,0,0,0,0,0,0,0,0,0,0
"MATTSIMMS","QB","espn","Matt Simms","BUF",64,390,"0",0,0,0,0,0,0,0,0,0,0,0
"ZACDYSERT","QB","espn","Zac Dysert","CHI",65,391,"0",0,0,0,0,0,0,0,0,0,0,0
"BRADSORENSEN","QB","espn","Brad Sorensen","SD",66,392,"0",0,0,0,0,0,0,0,0,0,0,0
"RYANGRIFFIN","QB","espn","Ryan Griffin","TB",67,393,"0",0,0,0,0,0,0,0,0,0,0,0
"JEFFTUEL","QB","espn","Jeff Tuel","JAC",68,394,"0",0,0,0,0,0,0,0,0,0,0,0
"LOGANTHOMAS","QB","espn","Logan Thomas","MIA",69,395,"0",0,0,0,0,0,0,0,0,0,0,0
"DAVIDFALES","QB","espn","David Fales","CHI",70,396,"0",0,0,0,0,0,0,0,0,0,0,0
"KEITHWENNING","QB","espn","Keith Wenning","CIN",71,397,"0",0,0,0,0,0,0,0,0,0,0,0
"MATTBLANCHARD","QB","espn","Matt Blanchard","GB",72,398,"0",0,0,0,0,0,0,0,0,0,0,0
"CONNORSHAW","QB","espn","Connor Shaw","CLE",73,399,"0",0,0,0,0,0,0,0,0,0,0,0
"TREVORSIEMIAN","QB","espn","Trevor Siemian","DEN",74,400,"0",0,0,0,0,0,0,0,0,0,0,0
"DYLANTHOMPSON","QB","espn","Dylan Thompson","SF",75,401,"0",0,0,0,0,0,0,0,0,0,0,0
"SEANMANNION","QB","espn","Sean Mannion","STL",76,402,"0",0,0,0,0,0,0,0,0,0,0,0
"GARRETTGRAYSON","QB","espn","Garrett Grayson","NO",77,403,"0",0,0,0,0,0,0,0,0,0,0,0
"BRETTHUNDLEY","QB","espn","Brett Hundley","GB",78,404,"0",0,0,0,0,0,0,0,0,0,0,0
"JONKITNA","QB","espn","Jon Kitna","DAL",79,405,"0",0,0,0,0,0,0,0,0,0,0,0
"REXGROSSMAN","QB","espn","Rex Grossman","ATL",80,406,"0",0,0,0,0,0,0,0,0,0,0,0
"SENECAWALLACE","QB","espn","Seneca Wallace","GB",81,407,"0",0,0,0,0,0,0,0,0,0,0,0
"TOMMYBOHANON","RB","espn","Tommy Bohanon","NYJ",92,408,"0",0,0,0,0,0,0,0,0,0.1,1,0
"JORVORSKIELANE","RB","espn","Jorvorskie Lane","TB",93,409,"0",0,0,0,0,0,0.1,0.5,0,0,0,0
"ZACHLINE","RB","espn","Zach Line","MIN",94,410,"0",0,0,0,0,0,0,0,0,0.2,2.2,0
"ZURLONTIPTON","RB","espn","Zurlon Tipton","IND",95,411,"0",0,0,0,0,0,0.2,0.7,0,0,0,0
"CHASEREYNOLDS","RB","espn","Chase Reynolds","STL",96,412,"0",0,0,0,0,0,0,0,0,0,0,0
"BRANDENOLIVER","RB","espn","Branden Oliver","SD",97,413,"0",0,0,0,0,0,0,0,0,0,0,0
"KENJONBARNER","RB","espn","Kenjon Barner","PHI",98,414,"0",0,0,0,0,0,0,0,0,0,0,0
"REGGIEBUSH","RB","espn","Reggie Bush","SF",99,415,"0",0,0,0,0,0,0,0,0,0,0,0
"MATTFORTE","RB","espn","Matt Forte","CHI",100,416,"0",0,0,0,0,0,0,0,0,0,0,0
"TIMHIGHTOWER","RB","espn","Tim Hightower","NO",101,417,"0",0,0,0,0,0,0,0,0,0,0,0
"CEDRICPEERMAN","RB","espn","Cedric Peerman","CIN",102,418,"0",0,0,0,0,0,0,0,0,0,0,0
"JAMESDEVELIN","RB","espn","James Develin","NE",103,419,"0",0,0,0,0,0,0,0,0,0,0,0
"JACQUIZZRODGERS","RB","espn","Jacquizz Rodgers","CHI",104,420,"0",0,0,0,0,0,0,0,0,0,0,0
"WILLJOHNSON","RB","espn","Will Johnson","PIT",105,421,"0",0,0,0,0,0,0,0,0,0,0,0
"ISAIAHPEAD","RB","espn","Isaiah Pead","PIT",106,422,"0",0,0,0,0,0,0,0,0,0,0,0
"BERNARDPIERCE","RB","espn","Bernard Pierce","JAC",107,423,"0",0,0,0,0,0,0,0,0,0,0,0
"DARYLRICHARDSON","RB","espn","Daryl Richardson","NYJ",108,424,"0",0,0,0,0,0,0,0,0,0,0,0
"COLLINMOONEY","RB","espn","Collin Mooney","ATL",109,425,"0",0,0,0,0,0,0,0,0,0,0,0
"KEENANALLEN","WR","espn","Keenan Allen","SD",118,426,"0",0,0,0,0,0,0,0,0,0,0,0
"RYANGRANT","WR","espn","Ryan Grant","WAS",119,427,"0",0,0,0,0,0,0,0,0,0.1,1.6,0
"ADAMTHIELEN","WR","espn","Adam Thielen","MIN",120,428,"0",0,0,0,0,0,0,0,0,0.1,1.2,0
"CORYHARKEY","TE","espn","Cory Harkey","STL",67,429,"0",0,0,0,0,0,0,0,0,0.2,1.5,0
"DANIELFELLS","TE","espn","Daniel Fells","NYG",68,430,"0",0,0,0,0,0,0,0,0,0,0,0
"DAVIDJOHNSON","TE","espn","David Johnson","SD",69,431,"0",0,0,0,0,0,0,0,0,0,0,0
"JOHNPHILLIPS","TE","espn","John Phillips","SD",70,432,"0",0,0,0,0,0,0,0,0,0,0,0
"DORINDICKERSON","TE","espn","Dorin Dickerson","TEN",71,433,"0",0,0,0,0,0,0,0,0,0,0,0
"ANTHONYMCCOY","TE","espn","Anthony McCoy","WAS",72,434,"0",0,0,0,0,0,0,0,0,0,0,0
"ANDREWQUARLESS","TE","espn","Andrew Quarless","GB",73,435,"0",0,0,0,0,0,0,0,0,0,0,0
"RICHIEBROCKEL","TE","espn","Richie Brockel","CAR",74,436,"0",0,0,0,0,0,0,0,0,0,0,0
"NILESPAUL","TE","espn","Niles Paul","WAS",75,437,"0",0,0,0,0,0,0,0,0,0,0,0
"RICHARDGORDON","TE","espn","Richard Gordon","DEN",76,438,"0",0,0,0,0,0,0,0,0,0,0,0
"PHILLIPSUPERNAW","TE","espn","Phillip Supernaw","TEN",77,439,"0",0,0,0,0,0,0,0,0,0,0,0
"DOMINIQUEJONES","TE","espn","Dominique Jones","DEN",78,440,"0",0,0,0,0,0,0,0,0,0,0,0
"CHASEFORD","TE","espn","Chase Ford","MIN",79,441,"0",0,0,0,0,0,0,0,0,0,0,0
"BRANDONBOSTICK","TE","espn","Brandon Bostick","MIN",80,442,"0",0,0,0,0,0,0,0,0,0,0,0
"JUSTICECUNNINGHAM","TE","espn","Justice Cunningham","STL",81,443,"0",0,0,0,0,0,0,0,0,0,0,0
"CHRISPANTALE","TE","espn","Chris Pantale","CHI",82,444,"0",0,0,0,0,0,0,0,0,0,0,0
"BRANDONWILLIAMS","TE","espn","Brandon Williams","MIA",83,445,"0",0,0,0,0,0,0,0,0,0,0,0
"MARQUEISGRAY","TE","espn","MarQueis Gray","BUF",84,446,"0",0,0,0,0,0,0,0,0,0,0,0
"ZACHSUDFELD","TE","espn","Zach Sudfeld","NYJ",85,447,"0",0,0,0,0,0,0,0,0,0,0,0
"JAKESTONEBURNER","TE","espn","Jake Stoneburner","MIA",86,448,"0",0,0,0,0,0,0,0,0,0,0,0
"JACEAMARO","TE","espn","Jace Amaro","NYJ",87,449,"0",0,0,0,0,0,0,0,0,0,0,0
"ARTHURLYNCH","TE","espn","Arthur Lynch","NYJ",88,450,"0",0,0,0,0,0,0,0,0,0,0,0
"BRIANLEONHARDT","TE","espn","Brian Leonhardt","OAK",89,451,"0",0,0,0,0,0,0,0,0,0,0,0
"TREYBURTON","TE","espn","Trey Burton","PHI",90,452,"0",0,0,0,0,0,0,0,0,0,0,0
"ALEXBAYER","TE","espn","Alex Bayer","STL",91,453,"0",0,0,0,0,0,0,0,0,0,0,0
"MARCELJENSEN","TE","espn","Marcel Jensen","DEN",92,454,"0",0,0,0,0,0,0,0,0,0,0,0
"ASANTECLEVELAND","TE","espn","Asante Cleveland","NE",93,455,"0",0,0,0,0,0,0,0,0,0,0,0
"NICJACOBS","TE","espn","Nic Jacobs","JAC",94,456,"0",0,0,0,0,0,0,0,0,0,0,0
"RANDALLTELFER","TE","espn","Randall Telfer","CLE",95,457,"0",0,0,0,0,0,0,0,0,0,0,0
"CHRISMANHERTZ","TE","espn","Chris Manhertz","NO",96,458,"0",0,0,0,0,0,0,0,0,0,0,0
"CJUZOMAH","TE","espn","C.J. Uzomah","CIN",97,459,"0",0,0,0,0,0,0,0,0,0,0,0
"RIANLINDELL","K","espn","Rian Lindell","TB",27,460,"0",0,0,0,0,0,0,0,0,0,0,0
"BILLYCUNDIFF","K","espn","Billy Cundiff","CLE",28,461,"0",0,0,0,0,0,0,0,0,0,0,0
"JOSHSCOBEE","K","espn","Josh Scobee","PIT",29,462,"0",0,0,0,0,0,0,0,0,0,0,0
"SHAUNSUISHAM","K","espn","Shaun Suisham","PIT",30,463,"0",0,0,0,0,0,0,0,0,0,0,0
"GARRETTHARTLEY","K","espn","Garrett Hartley","PIT",31,464,"0",0,0,0,0,0,0,0,0,0,0,0
"JAKEROGERS","K","espn","Jake Rogers","MIA",32,465,"0",0,0,0,0,0,0,0,0,0,0,0
"JOHNPOTTER","K","espn","John Potter","MIA",33,466,"0",0,0,0,0,0,0,0,0,0,0,0
"GIORGIOTAVECCHIO","K","espn","Giorgio Tavecchio","OAK",34,467,"0",0,0,0,0,0,0,0,0,0,0,0
"DEREKDIMKE","K","espn","Derek Dimke","NO",35,468,"0",0,0,0,0,0,0,0,0,0,0,0
"EDDYCARMONA","K","espn","Eddy Carmona","OAK",36,469,"0",0,0,0,0,0,0,0,0,0,0,0
"DANNYHRAPMANN","K","espn","Danny Hrapmann","MIA",37,470,"0",0,0,0,0,0,0,0,0,0,0,0
"BRANDONBOGOTAY","K","espn","Brandon Bogotay","TB",38,471,"0",0,0,0,0,0,0,0,0,0,0,0
"QUINNSHARP","K","espn","Quinn Sharp","CIN",39,472,"0",0,0,0,0,0,0,0,0,0,0,0
"MAIKONBONANI","K","espn","Maikon Bonani","TEN",40,473,"0",0,0,0,0,0,0,0,0,0,0,0
"ZACHHOCKER","K","espn","Zach Hocker","NO",41,474,"0",0,0,0,0,0,0,0,0,0,0,0
"CAREYSPEAR","K","espn","Carey Spear","CLE",42,475,"0",0,0,0,0,0,0,0,0,0,0,0
"MITCHEWALD","K","espn","Mitch Ewald","DEN",43,476,"0",0,0,0,0,0,0,0,0,0,0,0
"CODYPARKEY","K","espn","Cody Parkey","PHI",44,477,"0",0,0,0,0,0,0,0,0,0,0,0
"KASEYREDFERN","K","espn","Kasey Redfern","JAC",45,478,"0",0,0,0,0,0,0,0,0,0,0,0
"PATRICKMURRAY","K","espn","Patrick Murray","TB",46,479,"0",0,0,0,0,0,0,0,0,0,0,0
"ANDREWFURNEY","K","espn","Andrew Furney","NYJ",47,480,"0",0,0,0,0,0,0,0,0,0,0,0
"KYLEBRINDZA","K","espn","Kyle Brindza","TB",48,481,"0",0,0,0,0,0,0,0,0,0,0,0
"SHAUNHILL","QB","espn","Shaun Hill","MIN",82,482,"-0",0.2,0.1,1.2,0,0,0,0,0,0,0,0
"CARSONPALMER","QB","espn","Carson Palmer","ARZ",83,483,NA,NA,NA,0,0,0,0,0,0,0,0,0
"MATTSCHAUB","QB","espn","Matt Schaub","BAL",84,484,NA,NA,NA,0,0,0,0,0,0,0,0,0
"ALEXSMITH","QB","espn","Alex Smith","KC",85,485,NA,NA,NA,0,0,0,0,0,0,0,0,0
"DANORLOVSKY","QB","espn","Dan Orlovsky","DET",86,486,NA,NA,NA,0,0,0,0,0,0,0,0,0
"TARVARISJACKSON","QB","espn","Tarvaris Jackson","SEA",87,487,NA,NA,NA,0,0,0,0,0,0,0,0,0
"DREWSTANTON","QB","espn","Drew Stanton","ARZ",88,488,NA,NA,NA,0,0,0,0,0,0,0,0,0
"JOEFLACCO","QB","espn","Joe Flacco","BAL",89,489,NA,NA,NA,0,0,0,0,0,0,0,0,0
"CHASEDANIEL","QB","espn","Chase Daniel","KC",90,490,NA,NA,NA,0,0,0,0,0,0,0,0,0
"BRIANHOYER","QB","espn","Brian Hoyer","HOU",91,491,NA,NA,NA,0,0,0,0,0,0,0,0,0
"MATTHEWSTAFFORD","QB","espn","Matthew Stafford","DET",92,492,NA,NA,NA,0,0,0,0,0,0,0,0,0
"TJYATES","QB","espn","T.J. Yates","HOU",93,493,NA,NA,NA,0,0,0,0,0,0,0,0,0
"RUSSELLWILSON","QB","espn","Russell Wilson","SEA",94,494,NA,NA,NA,0,0,0,0,0,0,0,0,0
"BJDANIELS","QB","espn","B.J. Daniels","SEA",95,495,NA,NA,NA,0,0,0,0,0,0,0,0,0
"MATTBARKLEY","QB","espn","Matt Barkley","ARZ",96,496,NA,NA,NA,0,0,0,0,0,0,0,0,0
"TYLERBRAY","QB","espn","Tyler Bray","KC",97,497,NA,NA,NA,0,0,0,0,0,0,0,0,0
"GARRETTGILBERT","QB","espn","Garrett Gilbert","DET",98,498,NA,NA,NA,0,0,0,0,0,0,0,0,0
"TOMSAVAGE","QB","espn","Tom Savage","HOU",99,499,NA,NA,NA,0,0,0,0,0,0,0,0,0
"AARONMURRAY","QB","espn","Aaron Murray","KC",100,500,NA,NA,NA,0,0,0,0,0,0,0,0,0
"MARKBRUNELL","QB","espn","Mark Brunell","FA",101,501,NA,NA,NA,0,0,0,0,0,0,0,0,0
"TODDBOUMAN","QB","espn","Todd Bouman","FA",102,502,NA,NA,NA,0,0,0,0,0,0,0,0,0
"CHARLIEBATCH","QB","espn","Charlie Batch","FA",103,503,NA,NA,NA,0,0,0,0,0,0,0,0,0
"JAKEDELHOMME","QB","espn","Jake Delhomme","FA",104,504,NA,NA,NA,0,0,0,0,0,0,0,0,0
"DONOVANMCNABB","QB","espn","Donovan McNabb","FA",105,505,NA,NA,NA,0,0,0,0,0,0,0,0,0
"DAUNTECULPEPPER","QB","espn","Daunte Culpepper","FA",106,506,NA,NA,NA,0,0,0,0,0,0,0,0,0
"CHRISGREISEN","QB","espn","Chris Greisen","FA",107,507,NA,NA,NA,0,0,0,0,0,0,0,0,0
"JEFFGARCIA","QB","espn","Jeff Garcia","FA",108,508,NA,NA,NA,0,0,0,0,0,0,0,0,0
"CHRISREDMAN","QB","espn","Chris Redman","FA",109,509,NA,NA,NA,0,0,0,0,0,0,0,0,0
"BILLYVOLEK","QB","espn","Billy Volek","FA",110,510,NA,NA,NA,0,0,0,0,0,0,0,0,0
"SAGEROSENFELS","QB","espn","Sage Rosenfels","FA",111,511,NA,NA,NA,0,0,0,0,0,0,0,0,0
"AJFEELEY","QB","espn","A.J. Feeley","FA",112,512,NA,NA,NA,0,0,0,0,0,0,0,0,0
"DAVIDCARR","QB","espn","David Carr","FA",113,513,NA,NA,NA,0,0,0,0,0,0,0,0,0
"DAVIDGARRARD","QB","espn","David Garrard","FA",114,514,NA,NA,NA,0,0,0,0,0,0,0,0,0
"JTOSULLIVAN","QB","espn","J.T. O'Sullivan","FA",115,515,NA,NA,NA,0,0,0,0,0,0,0,0,0
"BYRONLEFTWICH","QB","espn","Byron Leftwich","FA",116,516,NA,NA,NA,0,0,0,0,0,0,0,0,0
"KYLEBOLLER","QB","espn","Kyle Boller","FA",117,517,NA,NA,NA,0,0,0,0,0,0,0,0,0
"BRIANSTPIERRE","QB","espn","Brian St. Pierre","FA",118,518,NA,NA,NA,0,0,0,0,0,0,0,0,0
"CLEOLEMON","QB","espn","Cleo Lemon","FA",119,519,NA,NA,NA,0,0,0,0,0,0,0,0,0
"JPLOSMAN","QB","espn","J.P. Losman","FA",120,520,NA,NA,NA,0,0,0,0,0,0,0,0,0
"FREDJACKSON","RB","espn","Fred Jackson","SEA",110,521,NA,NA,NA,0,0,0,0,0,0,0,0,0
"MARSHAWNLYNCH","RB","espn","Marshawn Lynch","SEA",111,522,NA,NA,NA,0,0,0,0,0,0,0,0,0
"CHRISJOHNSON","RB","espn","Chris Johnson","ARZ",112,523,NA,NA,NA,0,0,0,0,0,0,0,0,0
"JAMAALCHARLES","RB","espn","Jamaal Charles","KC",113,524,NA,NA,NA,0,0,0,0,0,0,0,0,0
"JUSTINFORSETT","RB","espn","Justin Forsett","BAL",114,525,NA,NA,NA,0,0,0,0,0,0,0,0,0
"ARIANFOSTER","RB","espn","Arian Foster","HOU",115,526,NA,NA,NA,0,0,0,0,0,0,0,0,0
"JOIQUEBELL","RB","espn","Joique Bell","DET",116,527,NA,NA,NA,0,0,0,0,0,0,0,0,0
"ANTHONYSHERMAN","RB","espn","Anthony Sherman","KC",117,528,NA,NA,NA,0,0,0,0,0,0,0,0,0
"ROBERTHUGHES","RB","espn","Robert Hughes","ARZ",118,529,NA,NA,NA,0,0,0,0,0,0,0,0,0
"CHRISPOLK","RB","espn","Chris Polk","HOU",119,530,NA,NA,NA,0,0,0,0,0,0,0,0,0
"BRYCEBROWN","RB","espn","Bryce Brown","SEA",120,531,NA,NA,NA,0,0,0,0,0,0,0,0,0
"ZACHMILLER","TE","espn","Zach Miller","SEA",98,532,NA,NA,NA,0,0,0,0,0,0.2,2.4,0,0
"BRANDONPETTIGREW","TE","espn","Brandon Pettigrew","DET",99,533,NA,NA,NA,0,0,0,0,0,0,0,0,0
"JERMAINEGRESHAM","TE","espn","Jermaine Gresham","ARZ",100,534,NA,NA,NA,0,0,0,0,0,0,0,0,0
"DENNISPITTA","TE","espn","Dennis Pitta","BAL",101,535,NA,NA,NA,0,0,0,0,0,0,0,0,0
"JIMMYGRAHAM","TE","espn","Jimmy Graham","SEA",102,536,NA,NA,NA,0,0,0,0,0,0,0,0,0
"GARRETTGRAHAM","TE","espn","Garrett Graham","HOU",103,537,NA,NA,NA,0,0,0,0,0,0,0,0,0
"ALLENREISNER","TE","espn","Allen Reisner","BAL",104,538,NA,NA,NA,0,0,0,0,0,0,0,0,0
"KONRADREULAND","TE","espn","Konrad Reuland","BAL",105,539,NA,NA,NA,0,0,0,0,0,0,0,0,0
"COOPERHELFET","TE","espn","Cooper Helfet","SEA",106,540,NA,NA,NA,0,0,0,0,0,0,0,0,0
"TRAVISKELCE","TE","espn","Travis Kelce","KC",107,541,NA,NA,NA,0,0,0,0,0,0,0,0,0
"RYANGRIFFIN","TE","espn","Ryan Griffin","HOU",108,542,NA,NA,NA,0,0,0,0,0,0,0,0,0
"LUKEWILLSON","TE","espn","Luke Willson","SEA",109,543,NA,NA,NA,0,0,0,0,0,0,0,0,0
"TIMOTHYWRIGHT","TE","espn","Timothy Wright","DET",110,544,NA,NA,NA,0,0,0,0,0,0,0,0,0
"ERICEBRON","TE","espn","Eric Ebron","DET",111,545,NA,NA,NA,0,0,0,0,0,0,0,0,0
"CJFIEDOROWICZ","TE","espn","C.J. Fiedorowicz","HOU",112,546,NA,NA,NA,0,0,0,0,0,0,0,0,0
"CROCKETTGILLMORE","TE","espn","Crockett Gillmore","BAL",113,547,NA,NA,NA,0,0,0,0,0,0,0,0,0
"TROYNIKLAS","TE","espn","Troy Niklas","ARZ",114,548,NA,NA,NA,0,0,0,0,0,0,0,0,0
"DARRENFELLS","TE","espn","Darren Fells","ARZ",115,549,NA,NA,NA,0,0,0,0,0,0,0,0,0
"DEMETRIUSHARRIS","TE","espn","Demetrius Harris","KC",116,550,NA,NA,NA,0,0,0,0,0,0,0,0,0
"RASHAUNALLEN","TE","espn","RaShaun Allen","SEA",117,551,NA,NA,NA,0,0,0,0,0,0,0,0,0
"JAMESOSHAUGHNESSY","TE","espn","James O'Shaughnessy","KC",118,552,NA,NA,NA,0,0,0,0,0,0,0,0,0
"GERALDCHRISTIAN","TE","espn","Gerald Christian","ARZ",119,553,NA,NA,NA,0,0,0,0,0,0,0,0,0
"NICKBOYLE","TE","espn","Nick Boyle","BAL",120,554,NA,NA,NA,0,0,0,0,0,0,0,0,0
"JOHNKASAY","K","espn","John Kasay","FA",49,555,NA,NA,NA,0,0,0,0,0,0,0,0,0
"JASONHANSON","K","espn","Jason Hanson","FA",50,556,NA,NA,NA,0,0,0,0,0,0,0,0,0
"OLINDOMARE","K","espn","Olindo Mare","FA",51,557,NA,NA,NA,0,0,0,0,0,0,0,0,0
"RYANLONGWELL","K","espn","Ryan Longwell","FA",52,558,NA,NA,NA,0,0,0,0,0,0,0,0,0
"DAVIDAKERS","K","espn","David Akers","FA",53,559,NA,NA,NA,0,0,0,0,0,0,0,0,0
"KRISBROWN","K","espn","Kris Brown","FA",54,560,NA,NA,NA,0,0,0,0,0,0,0,0,0
"NEILRACKERS","K","espn","Neil Rackers","FA",55,561,NA,NA,NA,0,0,0,0,0,0,0,0,0
"JAYFEELY","K","espn","Jay Feely","FA",56,562,NA,NA,NA,0,0,0,0,0,0,0,0,0
"LAWRENCETYNES","K","espn","Lawrence Tynes","FA",57,563,NA,NA,NA,0,0,0,0,0,0,0,0,0
"SHAYNEGRAHAM","K","espn","Shayne Graham","FA",58,564,NA,NA,NA,0,0,0,0,0,0,0,0,0
"JEFFREED","K","espn","Jeff Reed","FA",59,565,NA,NA,NA,0,0,0,0,0,0,0,0,0
"NATEKAEDING","K","espn","Nate Kaeding","FA",60,566,NA,NA,NA,0,0,0,0,0,0,0,0,0
"DAVERAYNER","K","espn","Dave Rayner","FA",61,567,NA,NA,NA,0,0,0,0,0,0,0,0,0
"NICKNOVAK","K","espn","Nick Novak","HOU",62,568,NA,NA,NA,0,0,0,0,0,0,0,0,0
"CONNORHUGHES","K","espn","Connor Hughes","FA",63,569,NA,NA,NA,0,0,0,0,0,0,0,0,0
"SHANEANDRUS","K","espn","Shane Andrus","FA",64,570,NA,NA,NA,0,0,0,0,0,0,0,0,0
"MARCHICKOK","K","espn","Marc Hickok","FA",65,571,NA,NA,NA,0,0,0,0,0,0,0,0,0
"JUSTINMEDLOCK","K","espn","Justin Medlock","FA",66,572,NA,NA,NA,0,0,0,0,0,0,0,0,0
"RICKYSCHMITT","K","espn","Ricky Schmitt","FA",67,573,NA,NA,NA,0,0,0,0,0,0,0,0,0
"RHYSLLOYD","K","espn","Rhys Lloyd","FA",68,574,NA,NA,NA,0,0,0,0,0,0,0,0,0
"MATTPRATER","K","espn","Matt Prater","DET",69,575,NA,NA,NA,0,0,0,0,0,0,0,0,0
"BRANDONCOUTU","K","espn","Brandon Coutu","FA",70,576,NA,NA,NA,0,0,0,0,0,0,0,0,0
"STEVENHAUSCHKA","K","espn","Steven Hauschka","SEA",71,577,NA,NA,NA,0,0,0,0,0,0,0,0,0
"DAVIDBUEHLER","K","espn","David Buehler","FA",72,578,NA,NA,NA,0,0,0,0,0,0,0,0,0
"SAMSWANK","K","espn","Sam Swank","FA",73,579,NA,NA,NA,0,0,0,0,0,0,0,0,0
"SWAYZEWATERS","K","espn","Swayze Waters","FA",74,580,NA,NA,NA,0,0,0,0,0,0,0,0,0
"CLINTSTITSER","K","espn","Clint Stitser","FA",75,581,NA,NA,NA,0,0,0,0,0,0,0,0,0
"TODDCARTER","K","espn","Todd Carter","FA",76,582,NA,NA,NA,0,0,0,0,0,0,0,0,0
"GARRETTLINDHOLM","K","espn","Garrett Lindholm","FA",77,583,NA,NA,NA,0,0,0,0,0,0,0,0,0
"AARONPETTREY","K","espn","Aaron Pettrey","FA",78,584,NA,NA,NA,0,0,0,0,0,0,0,0,0
"BRETTSWENSON","K","espn","Brett Swenson","FA",79,585,NA,NA,NA,0,0,0,0,0,0,0,0,0
"FABRIZIOSCACCIA","K","espn","Fabrizio Scaccia","FA",80,586,NA,NA,NA,0,0,0,0,0,0,0,0,0
"ALEXHENERY","K","espn","Alex Henery","FA",81,587,NA,NA,NA,0,0,0,0,0,0,0,0,0
"CHRISKOEPPLIN","K","espn","Chris Koepplin","FA",82,588,NA,NA,NA,0,0,0,0,0,0,0,0,0
"THOMASWEBER","K","espn","Thomas Weber","FA",83,589,NA,NA,NA,0,0,0,0,0,0,0,0,0
"JEFFWOLFERT","K","espn","Jeff Wolfert","FA",84,590,NA,NA,NA,0,0,0,0,0,0,0,0,0
"ADIKUNALIC","K","espn","Adi Kunalic","FA",85,591,NA,NA,NA,0,0,0,0,0,0,0,0,0
"RANDYBULLOCK","K","espn","Randy Bullock","FA",86,592,NA,NA,NA,0,0,0,0,0,0,0,0,0
"CARSONWIGGS","K","espn","Carson Wiggs","SEA",87,593,NA,NA,NA,0,0,0,0,0,0,0,0,0
"JUSTINTUCKER","K","espn","Justin Tucker","BAL",88,594,NA,NA,NA,0,0,0,0,0,0,0,0,0
"HAVARDRUGLAND","K","espn","Havard Rugland","FA",89,595,NA,NA,NA,0,0,0,0,0,0,0,0,0
"AUSTINSIGNOR","K","espn","Austin Signor","FA",90,596,NA,NA,NA,0,0,0,0,0,0,0,0,0
"NATEFREESE","K","espn","Nate Freese","FA",91,597,NA,NA,NA,0,0,0,0,0,0,0,0,0
"CHANDLERCATANZARO","K","espn","Chandler Catanzaro","ARZ",92,598,NA,NA,NA,0,0,0,0,0,0,0,0,0
"CAIROSANTOS","K","espn","Cairo Santos","KC",93,599,NA,NA,NA,0,0,0,0,0,0,0,0,0
"DETROITLIONS","DST","espn","Detroit Lions","DET",27,600,NA,NA,NA,0,0,0,0,0,0,0,0,0
"KANSASCITYCHIEFS","DST","espn","Kansas City Chiefs","KC",28,601,NA,NA,NA,0,0,0,0,0,0,0,0,0
"ARIZONACARDINALS","DST","espn","Arizona Cardinals","ARZ",29,602,NA,NA,NA,0,0,0,0,0,0,0,0,0
"SEATTLESEAHAWKS","DST","espn","Seattle Seahawks","SEA",30,603,NA,NA,NA,0,0,0,0,0,0,0,0,0
"BALTIMORERAVENS","DST","espn","Baltimore Ravens","BAL",31,604,NA,NA,NA,0,0,0,0,0,0,0,0,0
"HOUSTONTEXANS","DST","espn","Houston Texans","HOU",32,605,NA,NA,NA,0,0,0,0,0,0,0,0,0
